consumer_id,n_months,age,gender,occupation,occupation_group,province,health_avg,health_min,months_below_40,engagement_avg,spend_to_income,credit_utilization,spending_volatility,essential_ratio,online_ratio,txn_per_month,months_overspend,full_year,age_band,stressed_engaged,travel_share,online_shopping_share,tung_co_giao_dich_lon
KH00100010,12,27,Nam,Kỹ sư sản xuất,Kỹ thuật và xây dựng,Đồng Nai,70.61666666666666,57.0,0,78.29166666666667,0.59155,0.15510833333333332,0.9194638004687573,0.3811141755569128,0.1672506132064452,243.5,1,True,25–34,False,21.279455556632463,6.892018296289495,False
KH00100045,12,62,Nữ,Chuyên viên sinh lý vận động,Y tế và chăm sóc sức khỏe,Nghệ An,68.48333333333333,53.8,0,77.425,0.6245833333333334,0.14314166666666667,1.4446941506545683,0.47687758854471324,0.19160152983570874,122.33333333333333,1,True,55–64,False,0.3590699623287644,7.398778736820384,False
KH00100050,12,81,Nữ,Nhà thiết kế dệt may,"Truyền thông, nghệ thuật và thiết kế",Cần Thơ,60.958333333333336,45.2,0,78.7,0.7925166666666668,0.299525,1.3591256607229483,0.5048527711157729,0.21624688018743152,122.33333333333333,3,True,65+,False,0.6858850577789974,10.16896968317766,False
KH00100085,12,32,Nữ,Nhà địa vật lý,Khoa học và nghiên cứu,Thành phố Hồ Chí Minh,67.51666666666667,55.8,0,80.44166666666666,0.658675,0.16621666666666665,1.2903391170158962,0.4507353990445504,0.2199867093647635,182.33333333333334,1,True,25–34,False,0.37594497559745127,11.337299723974663,False
KH00100125,12,48,Nữ,Chuyên viên trắc địa,Kỹ thuật và xây dựng,An Giang,64.30833333333334,54.5,0,82.10000000000001,0.7729416666666666,0.16637500000000002,1.448805073614521,0.44765548110583225,0.2422232593936751,304.5833333333333,1,True,45–54,False,2.1744247107427506,10.23622094935371,False
KH00100130,12,46,Nữ,Chuyên viên phân tích rủi ro,Tài chính và pháp lý,Thành phố Hồ Chí Minh,68.625,55.7,0,80.875,0.5279916666666667,0.20562500000000003,1.8255700010466605,0.5232826601632814,0.2174438980735065,304.5833333333333,0,True,45–54,False,1.34735888651593,6.947363372877777,False
KH00100170,12,63,Nữ,Nhà khoa học thính học,Y tế và chăm sóc sức khỏe,Sơn La,68.33333333333333,41.3,0,73.77499999999999,0.7397416666666666,0.20545,1.2916675353221658,0.5045395874611297,0.21444600850963091,61.583333333333336,1,True,55–64,False,2.114345832548207,15.503187613843354,True
KH00100210,12,31,Nam,Kỹ sư trắc địa,Kỹ thuật và xây dựng,Thanh Hóa,70.74166666666666,59.2,0,81.51666666666667,0.5285916666666667,0.12480833333333334,1.7528720022723074,0.5223633019034567,0.2332832631727291,243.41666666666666,0,True,25–34,False,1.2673548338505034,7.5446617864619245,False
KH00100245,12,52,Nữ,Kỹ sư y sinh,Kỹ thuật và xây dựng,Đồng Tháp,70.01666666666667,52.2,0,78.25,0.6547916666666667,0.131525,1.2393031365689742,0.5159073119281984,0.21081466207345423,122.66666666666667,2,True,45–54,False,0.7880532711377817,10.870292310993955,False
KH00100250,12,78,Nữ,Giáo viên trung học,Giáo dục,Thành phố Hồ Chí Minh,66.86666666666666,52.9,0,76.65833333333333,0.6429833333333334,0.19492500000000001,1.456949368349237,0.47157623120702935,0.1700365288009167,122.0,1,True,65+,False,0.5442885230015188,7.416091279270214,False
KH00100285,12,57,Nam,Chuyên viên giám sát xây dựng,Kỹ thuật và xây dựng,Tây Ninh,67.86666666666666,49.4,0,75.46666666666667,0.7062666666666667,0.16108333333333333,1.473338841321399,0.4838757454948817,0.15216062615701356,122.16666666666667,2,True,55–64,False,8.495566365405178,6.091589910880021,True
KH00100290,12,29,Nữ,Giáo viên tiếng anh,Giáo dục,Hà Tĩnh,64.44166666666666,51.8,0,76.075,0.7464583333333333,0.19038333333333332,1.6862331335235972,0.5017011133094376,0.23405495994060133,61.416666666666664,2,True,25–34,False,0.9536170312098788,10.852634281845981,True
KH00100325,12,46,Nữ,Quản lý trung tâm giải trí,Kinh doanh và dịch vụ,Phú Thọ,72.34166666666667,61.6,0,81.31666666666666,0.5088166666666667,0.13440833333333332,1.2728765839343887,0.4772709982917278,0.22619924477895,365.1666666666667,0,True,45–54,False,0.824414889641609,9.359936488590472,False
KH00100330,12,34,Nam,Nhà sản xuất truyền hình,"Truyền thông, nghệ thuật và thiết kế",Khánh Hòa,69.01666666666667,57.2,0,78.65833333333333,0.6924166666666666,0.16903333333333334,0.8762964232454147,0.4256279102121631,0.17516355133837944,244.25,1,True,25–34,False,17.71966963130624,7.033698814315977,False
KH00100370,12,44,Nam,Cán bộ ứng phó khẩn cấp,Khu vực công và cộng đồng,Tây Ninh,61.75833333333333,49.5,0,76.79166666666667,0.8486583333333333,0.25548333333333334,1.6537335275600418,0.5173160297763878,0.17857338579436952,122.25,4,True,35–44,False,5.896276378286369,4.444448573955833,True
KH00100405,12,20,Nam,Kế toán công chứng,Tài chính và pháp lý,Thành phố Hồ Chí Minh,70.26666666666667,45.2,0,76.08333333333333,0.6476166666666666,0.16578333333333334,0.9691257404045661,0.2953984589952137,0.2527562231877975,61.333333333333336,2,True,<25,False,0.38960735976856853,14.441842034752892,False
KH00100410,12,53,Nữ,Kế toán công tài chính công,Tài chính và pháp lý,Thành phố Hồ Chí Minh,66.45,52.5,0,78.71666666666667,0.6462333333333333,0.17455,1.8696316169393075,0.5010975987269354,0.1900479397043555,182.91666666666666,1,True,45–54,False,7.724487500495808,9.797535409044045,True
KH00100445,12,56,Nữ,Nghiên cứu viên lâm sàng,Y tế và chăm sóc sức khỏe,Ninh Bình,64.31666666666666,53.1,0,79.575,0.8140666666666667,0.17730833333333332,1.4025695097226485,0.5046294596096857,0.20338009310331198,182.66666666666666,3,True,55–64,False,1.7243028985231532,8.044937684158224,False
KH00100450,12,28,Nữ,Giáo viên trung học,Giáo dục,An Giang,63.824999999999996,49.3,0,82.85833333333333,0.7698916666666666,0.21844166666666665,1.4073569538168804,0.4343169520862429,0.2737319916928352,182.58333333333334,2,True,25–34,False,0.18080268458206192,13.919389398900803,False
KH00100485,12,78,Nữ,Lập trình viên ứng dụng,Công nghệ thông tin,Vĩnh Long,68.325,49.2,0,79.68333333333334,0.6377916666666666,0.1950333333333333,1.41839830766612,0.5330638676876377,0.19877430819007177,242.41666666666666,1,True,65+,False,2.1616839533617855,8.666383285435744,False
KH00100490,12,44,Nữ,Chuyên viên trị liệu bằng làm vườn,Y tế và chăm sóc sức khỏe,Đồng Nai,62.76666666666667,49.5,0,77.75833333333334,0.8517666666666667,0.22224999999999998,1.4054353087630613,0.4609504668711177,0.2753224108056866,61.5,4,True,35–44,False,0.12600171953906963,15.793174075454314,True
KH00100525,12,51,Nam,Chuyên viên tư vấn quan hệ công chúng,"Truyền thông, nghệ thuật và thiết kế",Bắc Ninh,67.575,47.0,0,75.75,0.6687916666666668,0.20945,1.4037662659560841,0.5088347285322702,0.158649352283297,122.08333333333333,2,True,45–54,False,1.283005516803985,8.59718369918258,True
KH00100530,12,67,Nam,Kỹ sư điều khiển và tự động hóa,Kỹ thuật và xây dựng,Quảng Trị,70.41666666666667,54.6,0,78.03333333333333,0.5812083333333333,0.1421,1.477880466618088,0.5337329230114497,0.17270708077057265,182.33333333333334,1,True,65+,False,1.1505400749586796,4.778324836464371,False
KH00100565,12,65,Nữ,Cán bộ quản lý thị trường,Khu vực công và cộng đồng,Hà Nội,69.77499999999999,58.0,0,77.15833333333333,0.5803416666666666,0.16695833333333332,1.4212484063561346,0.53094381604219,0.1932331580127745,121.83333333333333,0,True,65+,False,0.9875783961801504,8.964589493547027,False
KH00100570,12,50,Nam,Nhà khảo cổ học,Khoa học và nghiên cứu,Thái Nguyên,57.725,34.3,1,79.075,1.044875,0.28949166666666665,1.4304800128479116,0.5359931360586233,0.20262457824096378,182.66666666666666,5,True,45–54,False,2.2606396292141118,9.860690276587663,False
KH00100605,12,35,Nữ,Chuyên viên khảo sát công trình,Kỹ thuật và xây dựng,Thành phố Hồ Chí Minh,67.85833333333333,53.9,0,73.74166666666666,0.559875,0.18219166666666667,1.511623580041922,0.3826782192467954,0.2109152848132768,61.25,1,True,35–44,False,3.8794045853677206,6.799063510004865,True
KH00100610,12,48,Nữ,Nhà thiết kế triển lãm,"Truyền thông, nghệ thuật và thiết kế",Thành phố Hồ Chí Minh,64.27499999999999,50.1,0,83.54166666666667,0.6572,0.2572583333333333,1.509818312971621,0.4208847636107628,0.27112955006535894,364.8333333333333,1,True,45–54,False,0.9849870234029093,13.049563262305352,False
KH00100645,12,59,Nữ,Nhà tâm lý học pháp y,Y tế và chăm sóc sức khỏe,An Giang,68.625,51.5,0,72.98333333333333,0.6271166666666667,0.17123333333333335,1.4425153428292365,0.538412261457795,0.18142682443739044,61.75,2,True,55–64,False,0.34340643658739856,8.470692102489163,False
KH00100690,12,64,Nữ,Kỹ sư bảo trì,Kỹ thuật và xây dựng,Huế,70.54166666666667,58.5,0,80.05833333333334,0.4918,0.17581666666666665,1.696715987503623,0.49429085765339614,0.21983022159140667,183.16666666666666,0,True,55–64,False,3.1898495382344425,8.784324650171914,False
KH00100725,12,41,Nữ,Nhà môi giới bảo hiểm,Tài chính và pháp lý,Bắc Ninh,65.30833333333334,50.5,0,78.44166666666666,0.6927083333333334,0.22295833333333334,1.3118412126777992,0.4198768777348762,0.2977605442658429,60.833333333333336,2,True,35–44,False,2.002633043242136,18.197183490853686,False
KH00100730,12,36,Nữ,Nhà khoa học nghiên cứu khoa học tự nhiên,Khoa học và nghiên cứu,Sơn La,69.15833333333333,51.1,0,78.40833333333333,0.6521916666666666,0.1421,2.0663560330574184,0.5340096886520699,0.16828570162304754,365.0,2,True,35–44,False,3.8725625000784825,5.934430953878841,True
KH00100765,12,61,Nữ,Chuyên viên giám sát xây dựng,Kỹ thuật và xây dựng,Huế,59.26666666666667,38.2,1,76.19166666666666,0.8038833333333333,0.3148166666666667,1.6676016064944028,0.4759567093880643,0.16729843730213556,122.16666666666667,3,True,55–64,False,3.5506733260683405,6.743787563614687,True
KH00100770,12,59,Nam,Nhà văn khoa học,Khoa học và nghiên cứu,Phú Thọ,65.375,51.8,0,72.575,0.7947416666666666,0.190975,1.216803344213768,0.4981062206687917,0.16067143335966796,61.416666666666664,2,True,55–64,False,0.47903148884900665,6.199484807791262,False
KH00100805,12,57,Nam,Giáo viên dạy nhạc,Giáo dục,Thành phố Hồ Chí Minh,67.96666666666667,56.4,0,76.58333333333333,0.69805,0.16480833333333333,1.3079002042947965,0.5377027297785181,0.18303599533733958,122.08333333333333,1,True,55–64,False,2.5839198605660822,6.48230949700687,False
KH00100810,12,63,Nam,Nhà tâm lý học pháp y,Y tế và chăm sóc sức khỏe,Nghệ An,68.38333333333334,51.6,0,75.98333333333333,0.6053000000000001,0.22870000000000001,1.2998553944411222,0.5370661569184835,0.17593912145650595,121.91666666666667,1,True,55–64,False,2.1591482094873973,8.12325055522811,False
KH00100845,12,58,Nam,Kỹ sư cơ khí,Kỹ thuật và xây dựng,Tây Ninh,70.26666666666667,62.0,0,77.66666666666667,0.5482333333333334,0.16935,1.4834880392315772,0.5568232743679532,0.17173759244724754,182.25,0,True,55–64,False,2.188831774988179,6.758377694055917,False
KH00100850,12,89,Nam,Bác sĩ tâm thần,Y tế và chăm sóc sức khỏe,Thành phố Hồ Chí Minh,75.24166666666666,66.3,0,76.99166666666666,0.40515833333333334,0.12045833333333333,1.4544723242884923,0.5493339661343829,0.1628132382804585,183.0,0,True,65+,False,2.298317918592248,6.313404952654003,False
KH00100885,12,49,Nam,Chuyên viên dựng phim,"Truyền thông, nghệ thuật và thiết kế",Hưng Yên,68.2,51.4,0,83.60833333333333,0.6087083333333333,0.14018333333333333,2.051028838414277,0.49776826102719524,0.28241754193770213,182.41666666666666,2,True,45–54,False,1.182670134578698,13.354323019828362,False
KH00100890,12,65,Nữ,Kỹ sư xây dựng dân dụng,Kỹ thuật và xây dựng,Tây Ninh,68.44166666666666,52.0,0,72.85833333333333,0.7204666666666667,0.14889166666666667,1.5806481874842548,0.5373279954637306,0.1879368007148338,61.5,3,True,65+,False,1.5381814132280511,15.622665557920989,True
KH00100925,12,36,Nữ,Họa sĩ,"Truyền thông, nghệ thuật và thiết kế",Đồng Nai,63.00833333333333,50.8,0,82.01666666666667,0.8156333333333333,0.22771666666666668,1.3659829725543078,0.4630094862884527,0.2402831491756111,364.25,2,True,35–44,True,1.038106161989695,10.228964837747617,False
KH00100930,12,42,Nữ,Chuyên viên tư vấn môi trường,Nông nghiệp và môi trường,Thanh Hóa,63.75833333333333,49.3,0,81.35833333333333,0.808925,0.22247499999999998,1.5732729933011722,0.46515530979217545,0.23660044688986723,183.08333333333334,2,True,35–44,False,5.698726272001521,11.700769052816938,True
KH00100965,12,23,Nữ,Chuyên viên phân tích địa chấn,Khoa học và nghiên cứu,Hải Phòng,67.26666666666667,57.4,0,79.14166666666667,0.5778,0.19205833333333333,1.796197055288058,0.4646108554973028,0.19518234850521624,182.5,0,True,<25,False,0.4925997756827317,8.294341760398114,False
KH00100970,12,38,Nam,Chuyên viên trị liệu bằng làm vườn,Y tế và chăm sóc sức khỏe,Thành phố Hồ Chí Minh,67.71666666666667,54.4,0,77.44166666666668,0.7447416666666666,0.17125833333333332,0.9189870996328094,0.38111370560764257,0.19045287051209855,122.66666666666667,2,True,35–44,False,18.957144239669887,11.22046049397769,False
KH00101005,12,42,Nam,Cán bộ quan hệ sắc tộc,Khu vực công và cộng đồng,Lào Cai,64.34166666666667,49.7,0,77.31666666666666,0.8931999999999999,0.20315833333333333,0.8879898896887378,0.3897363427572175,0.19493003396417993,122.41666666666667,2,True,35–44,False,16.896581040400267,10.629242922183352,False
KH00101010,12,38,Nam,Chuyên viên hoạch định quảng cáo,"Truyền thông, nghệ thuật và thiết kế",Bắc Ninh,63.75,46.7,0,80.90833333333333,0.6910416666666667,0.19904166666666667,2.9156175319135405,0.45745106951165604,0.21836771451058182,304.0,1,True,35–44,False,9.328866063005698,8.641441009853464,True
KH00101045,12,36,Nữ,Chuyên viên trị liệu âm nhạc,Y tế và chăm sóc sức khỏe,Hà Nội,65.7,53.8,0,81.97500000000001,0.68965,0.17364166666666667,1.512095056707314,0.4407777165419498,0.23981245787774494,303.5833333333333,1,True,35–44,False,1.3028419351503733,12.063350378177695,False
KH00101050,12,57,Nữ,Nhà khoa học sinh lý,Khoa học và nghiên cứu,Đồng Nai,71.45833333333333,55.4,0,78.125,0.5254916666666667,0.1422,1.634197203568365,0.5157292024169531,0.173196663586875,182.83333333333334,0,True,55–64,False,1.5129105563575262,9.730649690456593,False
KH00101085,12,52,Nữ,Giáo viên tiểu học,Giáo dục,Thành phố Hồ Chí Minh,67.09166666666667,50.8,0,77.76666666666667,0.7088833333333334,0.17231666666666667,1.554371966783471,0.5095347777393017,0.17098515778138637,182.83333333333334,2,True,45–54,False,4.729326440910122,8.45781323879575,True
KH00101090,12,50,Nữ,Chuyên viên dinh dưỡng vật nuôi,Nông nghiệp và môi trường,Thành phố Hồ Chí Minh,64.75,51.7,0,79.13333333333334,0.7406583333333333,0.22927499999999998,1.4164778290388276,0.5441613954866388,0.19912738258776871,183.25,1,True,45–54,False,0.9779424710745234,8.694504577567471,False
KH00101125,12,34,Nam,Chuyên viên thẩm định bồi thường,Tài chính và pháp lý,Đồng Nai,68.47500000000001,57.2,0,78.14166666666667,0.6428916666666666,0.19233333333333333,0.9234030197687292,0.3977383792469585,0.20019535330747318,121.91666666666667,0,True,25–34,False,17.86234172630603,10.145423463622404,False
KH00101130,12,61,Nam,Bác sĩ đa khoa,Y tế và chăm sóc sức khỏe,Quảng Trị,72.77499999999999,64.0,0,79.50833333333334,0.4094,0.14655833333333332,1.6267150602804799,0.4710739744262052,0.2055214885522236,182.41666666666666,0,True,55–64,False,0.41232575242746244,8.410948167675416,False
KH00101165,12,51,Nam,Bác sĩ chuyên khoa bàn chân,Y tế và chăm sóc sức khỏe,Lâm Đồng,75.68333333333334,65.0,0,80.38333333333334,0.39176666666666665,0.09400000000000001,1.4891206506156822,0.5232667458469055,0.22331796309331667,183.33333333333334,0,True,45–54,False,1.7881069797902893,10.697111212420653,False
KH00101170,12,66,Nữ,Nhà vật lý y khoa,Y tế và chăm sóc sức khỏe,Lào Cai,66.10000000000001,51.7,0,80.01666666666667,0.7302583333333333,0.18400833333333333,1.3864983759300815,0.5174146989515623,0.2142426655686592,182.66666666666666,2,True,65+,False,2.2353343306196196,10.42052561917445,False
KH00101205,12,27,Nam,Giảng viên đại học,Giáo dục,Lai Châu,71.49166666666666,63.2,0,81.325,0.4628916666666667,0.09754166666666668,2.458198700734039,0.46929615021439464,0.2290723932063454,243.5,0,True,25–34,False,4.906693952392454,9.749835450551208,False
KH00101210,12,44,Nam,Nhân viên giao dịch,Tài chính và pháp lý,Thành phố Hồ Chí Minh,64.35000000000001,53.5,0,79.53333333333333,0.7579166666666667,0.266225,0.9172403361076316,0.39931238162261756,0.20130713106223966,182.91666666666666,1,True,35–44,False,17.89468643738042,9.508866708465023,False
KH00101245,12,69,Nữ,Chuyên viên trị liệu nghề nghiệp,Y tế và chăm sóc sức khỏe,Huế,67.675,51.4,0,79.5,0.7227750000000001,0.16015833333333332,1.5614184412814793,0.5499580311371922,0.19504143928668852,243.5,1,True,65+,False,2.2061985033658966,8.475551097325441,False
KH00101250,12,48,Nữ,Giám đốc tiếp thị,Kinh doanh và dịch vụ,Khánh Hòa,77.21666666666667,69.2,0,75.5,0.3526583333333333,0.08084166666666666,1.5358148065385606,0.5534238836090993,0.15449436197420616,121.83333333333333,0,True,45–54,False,1.9980206118934967,3.6440434051534782,False
KH00101285,12,69,Nam,Giám đốc vận hành,Kinh doanh và dịch vụ,Thành phố Hồ Chí Minh,80.825,70.1,0,71.8,0.30088333333333334,0.06183333333333333,1.1910489058183755,0.5842918863027168,0.16336433354037186,61.166666666666664,0,True,65+,False,0.45407387532421073,5.625346570074233,False
KH00101290,12,47,Nam,Nhà giao dịch hợp đồng tương lai,Tài chính và pháp lý,Thành phố Hồ Chí Minh,72.80833333333334,60.4,0,74.95833333333333,0.5004333333333334,0.13729166666666667,1.0042317486083085,0.3771402132144938,0.21480969259033833,61.416666666666664,0,True,45–54,False,22.967092378970356,11.67346092358868,False
KH00101325,12,16,Nam,Kế toán viên tài chính công,Tài chính và pháp lý,Khánh Hòa,65.28333333333333,52.5,0,78.71666666666667,0.653025,0.18810833333333332,2.005131279604512,0.48870715372346485,0.18813873748857748,182.5,1,True,<25,False,0.33217129093206577,6.546448592936249,False
KH00101330,12,26,Nam,Kỹ sư điện,Kỹ thuật và xây dựng,Khánh Hòa,74.45833333333333,62.7,0,78.95833333333333,0.5040083333333333,0.10163333333333334,0.89737084648526,0.40904326710717376,0.18606513755564594,243.0,0,True,25–34,False,19.140122102193498,8.38666133350103,False
KH00101365,12,51,Nam,Chuyên viên làm vườn thương mại,Nông nghiệp và môi trường,Hưng Yên,63.40833333333333,50.3,0,80.11666666666666,0.7529666666666667,0.27394999999999997,1.4055541141219765,0.5136350665038576,0.22521811365123426,183.0,1,True,45–54,False,1.482370093563775,11.467371815741172,False
KH00101370,12,29,Nam,Cán bộ bình đẳng và đa dạng,Khu vực công và cộng đồng,Hà Nội,62.78333333333333,46.8,0,75.36666666666666,0.903075,0.27074166666666666,0.8943812219500641,0.36236589278243886,0.23147294241040153,61.166666666666664,3,True,25–34,False,17.34832003995701,12.368645835929177,False
KH00101405,12,76,Nam,Chuyên viên tư vấn hưu trí,Tài chính và pháp lý,Nghệ An,68.18333333333334,56.2,0,79.52499999999999,0.6783250000000001,0.14760833333333334,1.412935255960439,0.5523438050659356,0.20675339664793999,182.66666666666666,1,True,65+,False,0.9058455316586502,7.532476414919004,False
KH00101410,12,48,Nữ,Chuyên viên thu mua công nghiệp,Kinh doanh và dịch vụ,Bắc Ninh,67.44166666666666,52.4,0,78.875,0.7326583333333333,0.14725,1.6343634756688685,0.5218106835312247,0.1953298045681621,183.0,2,True,45–54,False,0.1986695906245148,6.230455441936382,False
KH00101445,12,33,Nữ,Chuyên viên ngân hàng đầu tư vận hành,Tài chính và pháp lý,Nghệ An,74.41666666666667,47.6,0,70.35000000000001,0.492025,0.15819166666666667,1.2546565141848345,0.5994624389721784,0.12211014984823133,61.083333333333336,1,True,25–34,False,0.3975433832535217,1.8748173323832173,True
KH00101450,12,57,Nữ,Kỹ sư đóng tàu,Kỹ thuật và xây dựng,Cần Thơ,70.85833333333333,59.0,0,71.23333333333333,0.5864833333333334,0.13501666666666667,1.2786172458607912,0.529172619887062,0.16861828515504174,61.083333333333336,0,True,55–64,False,0.2501882443973891,4.034961456699628,False
KH00101485,12,41,Nữ,Nhà di truyền học phân tử,Khoa học và nghiên cứu,Phú Thọ,61.958333333333336,46.8,0,74.89999999999999,0.8690666666666668,0.29789166666666667,1.2177068817675074,0.440371021768249,0.20854411574398737,62.083333333333336,3,True,35–44,False,0.48167702486794917,9.8454476856712,True
KH00101490,12,36,Nam,Chuyên viên vệ sinh lao động,Y tế và chăm sóc sức khỏe,Hà Nội,71.27499999999999,54.7,0,79.31666666666666,0.5643333333333334,0.17889166666666667,0.8832191060605793,0.4022741825919316,0.19999981719124635,183.08333333333334,1,True,35–44,False,16.611635152915976,10.22210529833596,False
KH00101525,12,62,Nam,Chuyên viên trị liệu nghề nghiệp,Y tế và chăm sóc sức khỏe,Hải Phòng,67.75833333333334,47.1,0,73.04166666666667,0.73355,0.16845833333333335,1.3822176297496205,0.5057785614191307,0.19086497664534782,62.0,1,True,55–64,False,0.3634114221433222,15.201653080674394,True
KH00101530,12,63,Nữ,Chuyên viên trị liệu thảo dược,Y tế và chăm sóc sức khỏe,Hải Phòng,65.35000000000001,49.8,0,73.80833333333334,0.7595333333333333,0.22615,1.4715019654691561,0.5297130565378058,0.1896815982832409,61.75,3,True,55–64,False,6.731735334719706,7.732556841410712,True
KH00101565,12,60,Nữ,Nhà vật lý y khoa,Y tế và chăm sóc sức khỏe,Thành phố Hồ Chí Minh,66.675,51.4,0,77.55833333333334,0.733425,0.15698333333333334,1.697829423398714,0.5515520781571649,0.1691249768353371,183.0,2,True,55–64,False,6.416489444267569,8.26384175862026,True
KH00101570,12,57,Nữ,Chuyên viên giám sát xây dựng,Kỹ thuật và xây dựng,Khánh Hòa,62.9,48.9,0,73.5,0.7943583333333333,0.25535,1.543744815475649,0.5484657309411117,0.19050832328316125,61.5,2,True,55–64,False,0.6084131121649649,5.434965491410265,True
KH00101605,12,40,Nữ,Nhà tâm lý học giáo dục,Y tế và chăm sóc sức khỏe,Đồng Nai,62.43333333333334,46.7,0,79.85000000000001,0.7171666666666666,0.251875,2.3590113273582456,0.4876922271747965,0.19961663486510203,243.66666666666666,1,True,35–44,False,2.3066561156193925,9.504117618151597,True
KH00101645,12,24,Nam,Chuyên viên tư vấn hưu trí,Tài chính và pháp lý,Thanh Hóa,60.85,50.2,0,83.55833333333334,0.8357,0.292025,1.0240148952545656,0.2728109487299207,0.2712349604975289,364.75,3,True,<25,True,0.2565642980831442,9.89615353547317,False
KH00101650,12,60,Nữ,Kỹ sư cơ khí,Kỹ thuật và xây dựng,Tây Ninh,67.38333333333334,47.0,0,75.90833333333333,0.6447833333333334,0.22243333333333334,1.7670907012994184,0.5405770670974078,0.16654332584595127,122.5,2,True,55–64,False,11.492097244987866,7.731212805859508,True
KH00101685,12,58,Nam,Nhà khoa học phát triển sản phẩm,Khoa học và nghiên cứu,Lạng Sơn,70.19166666666666,52.5,0,78.25,0.5770166666666666,0.2086916666666667,1.2686373128937956,0.5822775627503168,0.1776308671745923,242.91666666666666,1,True,55–64,False,0.4248598373296309,7.11971117121705,False
KH00101690,12,29,Nam,Cán bộ phát triển nghệ thuật,"Truyền thông, nghệ thuật và thiết kế",Hà Nội,65.45833333333333,51.5,0,79.425,0.7346666666666666,0.27274166666666666,0.8980234097232964,0.4132661596107627,0.19059422349371613,243.58333333333334,1,True,25–34,False,17.772283851704344,8.150899946033203,False
KH00101725,12,33,Nữ,Nhà tâm lý học giáo dục,Y tế và chăm sóc sức khỏe,Cao Bằng,71.02499999999999,55.5,0,80.86666666666666,0.578175,0.12203333333333333,1.264594742354977,0.4744340901615145,0.22846402768447496,182.58333333333334,1,True,25–34,False,0.18683143337934685,10.538559860361756,False
KH00101730,12,44,Nữ,Chuyên viên thẩm định bảo hiểm,Tài chính và pháp lý,Thành phố Hồ Chí Minh,68.69166666666666,52.7,0,78.76666666666667,0.5754333333333334,0.14460833333333334,2.017952159921778,0.5199110577447886,0.17630072753928674,304.3333333333333,1,True,35–44,False,1.9565044963611575,4.922146131363485,False
KH00101765,12,72,Nam,Chuyên viên gây quỹ từ thiện,Khu vực công và cộng đồng,Quảng Trị,62.925000000000004,52.8,0,76.02499999999999,0.8093583333333334,0.17747499999999997,1.9025830884303974,0.4724066160052795,0.16868746848517,122.16666666666667,3,True,65+,False,1.5188390803392475,6.063162113450406,True
KH00101770,12,94,Nữ,Kỹ thuật viên kế toán,Tài chính và pháp lý,Thái Nguyên,62.225,43.3,0,72.95,0.7792666666666667,0.29269166666666663,1.4365108334148504,0.45196328530234897,0.17711879320040078,61.5,2,True,65+,False,0.5362886788760475,12.098322181552545,True
KH00101805,12,25,Nam,Chuyên viên quản lý đất đai,Khu vực công và cộng đồng,Đà Nẵng,68.425,60.2,0,80.70833333333333,0.5038666666666667,0.13381666666666667,3.6049658409206398,0.3831558961723886,0.2140501499439171,304.1666666666667,0,True,25–34,False,13.694357394586243,9.776417291800517,True
KH00101810,12,48,Nam,Người phụ trách bảo tàng,"Truyền thông, nghệ thuật và thiết kế",Thái Nguyên,61.75,47.6,0,79.47500000000001,0.876925,0.2060833333333333,2.091281229547301,0.5145523696739795,0.191986060293589,242.58333333333334,1,True,45–54,False,1.549245884957067,6.076837656356775,True
KH00101845,12,35,Nữ,Kỹ thuật viên phòng thí nghiệm giảng dạy,Giáo dục,Thành phố Hồ Chí Minh,62.86666666666667,50.2,0,74.89999999999999,0.8278666666666666,0.22224999999999998,1.3435149751280748,0.39189886475412794,0.24195656172316607,60.833333333333336,2,True,35–44,False,1.6337977046460177,7.893736172566372,False
KH00101850,12,62,Nữ,Chuyên viên châm cứu,Y tế và chăm sóc sức khỏe,Hà Tĩnh,62.791666666666664,53.8,0,78.97500000000001,0.7548,0.251875,1.54390187538979,0.46599949577686534,0.1966753767048701,183.16666666666666,1,True,55–64,False,2.9645110198383935,7.140935813803656,False
KH00101885,12,88,Nam,Kỹ sư vật liệu,Kỹ thuật và xây dựng,Thanh Hóa,69.25833333333334,51.4,0,76.39166666666667,0.6224666666666666,0.125425,1.492466804731379,0.4333893209431901,0.24509709897107046,61.333333333333336,1,True,65+,False,0.4217210715141798,14.137244037865301,True
KH00101890,12,53,Nữ,Chuyên viên quy hoạch giao thông,Kỹ thuật và xây dựng,Hưng Yên,65.02499999999999,49.0,0,71.59166666666667,0.8167,0.16655,1.5414496013897658,0.501579067800193,0.16140212041393479,61.0,3,True,45–54,False,6.334051829834515,5.9257067649889335,True
KH00101925,12,23,Nữ,Cán bộ trại giam,Khu vực công và cộng đồng,Đắk Lắk,60.041666666666664,51.1,0,80.10000000000001,0.77285,0.25705,2.5626544432116867,0.44369527196443476,0.2021493645748588,303.8333333333333,3,True,<25,False,6.924913516748179,6.852543775768013,True
KH00101930,12,51,Nam,Biên tập viên hiệu đính,"Truyền thông, nghệ thuật và thiết kế",Ninh Bình,63.775,44.0,0,72.86666666666666,0.9024583333333333,0.22000833333333333,1.277943975464595,0.5156345073511547,0.19541130963434986,61.416666666666664,3,True,45–54,False,0.7258884938794082,14.03152594916339,True
KH00101965,12,32,Nam,Cán bộ triển lãm bảo tàng,"Truyền thông, nghệ thuật và thiết kế",Cao Bằng,53.44166666666666,21.9,2,78.10833333333333,1.0269000000000001,0.3632416666666667,2.1051957603433498,0.48410917351782584,0.205829188278334,122.25,4,True,25–34,False,10.24462961772183,8.760805802152062,True
KH00101970,12,70,Nữ,Chuyên viên tư vấn nông nghiệp,Nông nghiệp và môi trường,Sơn La,65.06666666666666,50.8,0,77.91666666666667,0.6609916666666668,0.22550833333333334,2.1656645044461174,0.4886311452265602,0.1745127674558525,182.91666666666666,1,True,65+,False,11.728676187417204,7.90969615521263,True
KH00102010,12,53,Nữ,Cán bộ tổ chức từ thiện,Khu vực công và cộng đồng,Đồng Tháp,59.74166666666667,25.8,1,74.77499999999999,0.9113333333333333,0.27692500000000003,1.3487391767284072,0.4783371240610987,0.22416611707452094,61.666666666666664,2,True,45–54,False,2.611572402266332,15.491409250868275,True
KH00102045,12,39,Nữ,Thầy thuốc đông y,Y tế và chăm sóc sức khỏe,Thành phố Hồ Chí Minh,65.93333333333334,50.2,0,81.14166666666667,0.744025,0.208875,1.2424532761808023,0.46862874423317863,0.23955590329618395,182.91666666666666,1,True,35–44,False,0.17394271168431644,9.902624491782012,False
KH00102050,12,52,Nam,Kỹ sư cơ khí,Kỹ thuật và xây dựng,Hải Phòng,70.025,51.8,0,78.56666666666666,0.5803083333333333,0.15746666666666667,1.47699364934482,0.5034529485717752,0.1828509330340022,183.41666666666666,1,True,45–54,False,1.2189125346160232,8.137537428156687,False
KH00102090,12,21,Nữ,Trình dược viên,Y tế và chăm sóc sức khỏe,Đồng Nai,63.26666666666667,53.1,0,79.95833333333333,0.7581083333333334,0.15608333333333332,1.9995474927660657,0.45578339527915857,0.20384660699468896,244.08333333333334,2,True,<25,False,1.7126744458737315,7.083491179356099,False
KH00102125,12,60,Nữ,Kiến trúc sư cảnh quan,Kỹ thuật và xây dựng,Thành phố Hồ Chí Minh,73.325,60.9,0,78.98333333333333,0.458675,0.11837500000000001,1.6897353987574546,0.5373534003699405,0.18306703251338186,243.91666666666666,0,True,55–64,False,3.419020624870949,7.39747779235792,False
KH00102130,12,59,Nam,Cán bộ quản chế,Khu vực công và cộng đồng,Hà Tĩnh,63.74166666666667,50.7,0,78.34166666666667,0.8832333333333334,0.17977500000000002,1.7580666502407478,0.507168783600982,0.1846996108649894,183.25,3,True,55–64,False,6.536880346383921,7.218900178925742,True
KH00102165,12,80,Nam,Giáo viên mầm non,Giáo dục,Hải Phòng,62.40833333333333,43.9,0,72.59166666666667,0.8224333333333332,0.31609166666666666,1.3382546836107474,0.5209313168173529,0.18230176308309,61.583333333333336,3,True,65+,False,4.758773918563526,7.743412273769579,True
KH00102170,12,74,Nam,Chuyên viên tổ chức sự kiện,Kinh doanh và dịch vụ,Tuyên Quang,64.80833333333334,51.0,0,78.69166666666666,0.7083749999999999,0.207,1.490554621057654,0.49014568660571384,0.18682504451318369,183.16666666666666,1,True,65+,False,0.7211737561379636,7.747414391205434,False
KH00102205,12,39,Nam,Điều dưỡng nhi khoa,Y tế và chăm sóc sức khỏe,Vĩnh Long,67.01666666666667,54.1,0,79.71666666666667,0.6619333333333334,0.15950833333333334,1.8721412869823872,0.4969855873455626,0.2371787170540379,122.33333333333333,1,True,35–44,False,0.21057283610414257,11.567297473798293,True
KH00102210,12,96,Nam,Chuyên viên phục chế đồ gỗ,"Truyền thông, nghệ thuật và thiết kế",Quảng Trị,63.51666666666667,47.9,0,73.5,0.8773333333333334,0.17903333333333335,1.5145094826035457,0.45902559455407815,0.19473385115315245,61.25,2,True,65+,False,9.082213051572383,12.257867480708706,True
KH00102245,12,64,Nam,Nhà khoa học thính học,Y tế và chăm sóc sức khỏe,Bắc Ninh,71.875,60.8,0,79.575,0.509425,0.14515,1.3832479267975184,0.5370587322620369,0.1959822269900944,244.25,0,True,55–64,False,0.4806275780789629,9.57583695492045,False
KH00102250,12,33,Nam,Chuyên viên khảo sát thủy văn,Khoa học và nghiên cứu,Hưng Yên,66.53333333333333,44.8,0,79.3,0.6740750000000001,0.21568333333333334,1.713356804988791,0.5243098993342833,0.22440764402583735,122.41666666666667,1,True,25–34,False,1.239731738296783,12.576956097838238,False
KH00102285,12,33,Nam,Chuyên viên giám định rủi ro bảo hiểm,Tài chính và pháp lý,Lâm Đồng,65.14999999999999,50.7,0,73.05833333333334,0.919025,0.20888333333333334,0.87122429390539,0.41471874596223696,0.19078180572967918,61.583333333333336,3,True,25–34,False,18.2150832987573,9.071411034525644,False
KH00102290,12,27,Nam,Chuyên viên trắc địa,Kỹ thuật và xây dựng,Quảng Ninh,63.88333333333333,55.6,0,79.53333333333333,0.8139083333333333,0.23205833333333334,0.9194138367915095,0.39522145872529557,0.20292363700466876,183.08333333333334,1,True,25–34,False,17.776602651683238,10.805582555124154,False
KH00102325,12,64,Nam,Nhà sản xuất phát thanh,"Truyền thông, nghệ thuật và thiết kế",Cần Thơ,65.875,42.4,0,77.95,0.6886416666666667,0.17206666666666667,1.3809902621121923,0.49218690818722227,0.2000090552680468,122.25,2,True,55–64,False,2.2547581754199366,8.444187776028185,False
KH00102330,12,61,Nam,Kế toán công tài chính công,Tài chính và pháp lý,Thành phố Hồ Chí Minh,67.425,52.4,0,76.33333333333333,0.656575,0.13366666666666668,2.1971809212238873,0.466779661086123,0.14060852871193288,182.5,2,True,55–64,False,11.45045845664229,4.189599770247835,True
KH00102365,12,26,Nữ,Cán bộ trại giam,Khu vực công và cộng đồng,Thành phố Hồ Chí Minh,61.44166666666666,47.3,0,77.175,0.7799416666666666,0.30185,1.268763389566186,0.4225267245008298,0.26558705072352434,61.833333333333336,1,True,25–34,False,0.12226830591922447,11.894297850823948,False
KH00102370,12,74,Nam,Cán bộ quản lý thị trường,Khu vực công và cộng đồng,Nghệ An,71.04166666666667,60.0,0,77.55,0.5449833333333333,0.121375,1.4403258425806091,0.4780813186359784,0.19008994528795323,121.83333333333333,0,True,65+,False,0.2912611636426272,10.579698243660333,False
KH00102405,12,32,Nữ,Nhà tâm lý học tư vấn,Y tế và chăm sóc sức khỏe,Đắk Lắk,63.64166666666667,54.7,0,83.27499999999999,0.7476166666666666,0.22181666666666666,1.418365177806775,0.4474815294360424,0.2673837196383639,243.91666666666666,1,True,25–34,False,0.7017053140318136,12.86672199728238,False
KH00102410,12,42,Nam,Kỹ thuật viên kế toán,Tài chính và pháp lý,Lâm Đồng,71.01666666666667,59.3,0,79.08333333333333,0.59035,0.14130833333333334,0.9349295380580701,0.39848620107584315,0.19495351082173484,182.91666666666666,1,True,35–44,False,18.260342651887335,10.073700824050619,False
KH00102445,12,43,Nữ,Nhà thiết kế đồ gỗ,"Truyền thông, nghệ thuật và thiết kế",Thành phố Hồ Chí Minh,65.18333333333334,52.4,0,81.76666666666667,0.7171,0.18614166666666665,1.5486236156796005,0.43640935810703624,0.23591447135705632,364.3333333333333,1,True,35–44,False,3.183323471449114,11.096399220902745,False
KH00102450,12,56,Nữ,Lập trình viên đa phương tiện,Công nghệ thông tin,Hà Nội,71.71666666666667,62.5,0,77.25833333333334,0.4753083333333333,0.18678333333333333,1.4477147609856142,0.5154671288696001,0.15845946798794677,182.91666666666666,0,True,55–64,False,1.6864733181618783,6.904355949022775,False
KH00102485,12,25,Nữ,Quản lý công viên giải trí,Kinh doanh và dịch vụ,Nghệ An,69.48333333333333,47.9,0,78.91666666666667,0.624425,0.14564166666666667,1.0109309170472027,0.25482750343851146,0.30376830333739396,61.583333333333336,1,True,25–34,False,0.2012739505965198,13.994145890391522,False
KH00102525,12,80,Nữ,Dược sĩ bệnh viện,Y tế và chăm sóc sức khỏe,Đà Nẵng,70.36666666666666,50.8,0,77.58333333333333,0.5466166666666666,0.14305833333333332,1.736982934688337,0.47848773555390495,0.1966729966189871,122.5,1,True,65+,False,5.3321762646027,10.76616546672369,True
KH00102530,12,40,Nam,Điều phối viên tình nguyện,Khu vực công và cộng đồng,Hưng Yên,67.26666666666667,57.3,0,79.05,0.7536999999999999,0.15194166666666667,0.8779079824127921,0.38982504583166727,0.1837415494625474,243.0,2,True,35–44,False,17.46236932490006,8.530875804695857,False
KH00102565,12,23,Nam,Kỹ sư điện tử,Kỹ thuật và xây dựng,Lào Cai,69.43333333333334,60.5,0,81.02499999999999,0.4939166666666666,0.11914166666666666,2.3898943708465943,0.44553409236431324,0.22047793528871948,364.5,0,True,<25,False,0.9882249698606979,8.878843052294872,False
KH00102570,12,46,Nữ,Bác sĩ giải phẫu bệnh,Y tế và chăm sóc sức khỏe,Tuyên Quang,73.63333333333334,64.9,0,80.25,0.42451666666666665,0.16010833333333332,1.2700514396222256,0.460460569753044,0.23921354800597502,122.25,0,True,45–54,False,0.1301622089609082,10.863902134104332,False
KH00102605,12,93,Nữ,Nhà tâm lý học thể thao,Y tế và chăm sóc sức khỏe,Lâm Đồng,70.23333333333333,51.5,0,77.31666666666666,0.5089666666666667,0.1857,1.4963071308369946,0.49766313511516863,0.18696733899695062,122.33333333333333,0,True,65+,False,3.8971969315074637,6.8180626086831175,False
KH00102610,12,49,Nữ,Chuyên viên nhân sự,Kinh doanh và dịch vụ,Lạng Sơn,68.51666666666667,52.3,0,78.39166666666667,0.64965,0.14373333333333332,1.2902383666917012,0.43378943935049147,0.2875436548302246,61.916666666666664,1,True,45–54,False,0.15657989952442355,16.377161609634218,False
KH00102645,12,41,Nam,Kỹ thuật viên sản xuất bia,Kỹ thuật và xây dựng,Đồng Tháp,68.33333333333333,58.0,0,79.15833333333333,0.749025,0.15432500000000002,0.8363364797550502,0.42075232945921304,0.18502890879952302,243.33333333333334,1,True,35–44,False,17.52448731171235,7.8032436215171,False
KH00102650,12,50,Nam,Nhà luyện kim,Khoa học và nghiên cứu,Lâm Đồng,61.666666666666664,46.0,0,81.60000000000001,0.7970916666666666,0.2780666666666667,1.7568170180744318,0.528144549346706,0.2346330535283481,243.83333333333334,2,True,45–54,True,1.440943277278377,8.634814930456658,False
KH00102685,12,27,Nam,Dược sĩ cộng đồng,Y tế và chăm sóc sức khỏe,Ninh Bình,71.79166666666667,58.8,0,79.925,0.5820083333333333,0.12671666666666667,0.895282513412993,0.3986341103297463,0.20080014589685583,243.66666666666666,1,True,25–34,False,16.942519282826655,10.351369116216414,False
KH00102690,12,45,Nam,Nhà luyện kim,Khoa học và nghiên cứu,Lâm Đồng,66.0,55.4,0,78.03333333333335,0.7204,0.2278416666666667,0.911357014655234,0.39852363559193565,0.20754971293658306,122.66666666666667,1,True,45–54,False,19.53335351779398,9.643768476043428,False
KH00102725,12,44,Nam,Quản lý tour du lịch,Kinh doanh và dịch vụ,Hà Nội,70.25833333333334,46.9,0,75.95833333333333,0.6135333333333334,0.170825,1.4043367000470839,0.5520611999650499,0.23595955967798707,61.583333333333336,2,True,35–44,False,0.3013443320797997,5.67628321772151,True
KH00102730,12,35,Nữ,Nhân viên cấp cứu,Y tế và chăm sóc sức khỏe,Cà Mau,55.74166666666667,24.4,1,83.09166666666667,1.0567,0.21735000000000002,1.2251494099804499,0.47264075822635876,0.2625553909981246,304.1666666666667,6,True,35–44,True,0.14685548061312545,11.851387762612884,False
KH00102765,12,27,Nữ,Chuyên viên chăm sóc cây,Nông nghiệp và môi trường,Đà Nẵng,69.58333333333333,57.3,0,83.16666666666667,0.6048,0.13264166666666666,1.361173575399385,0.45428728083485853,0.2659854199909047,244.41666666666666,1,True,25–34,False,0.47284462493699136,12.199468421796835,False
KH00102770,12,86,Nữ,Phi công hàng không,Kinh doanh và dịch vụ,Đồng Nai,72.10833333333333,59.9,0,78.63333333333334,0.4784,0.11880833333333334,1.7804439041932607,0.4687918550454624,0.18829398171939551,182.91666666666666,0,True,65+,False,6.297850218218938,7.068309655619951,False
KH00102805,12,49,Nữ,Chuyên viên quản lý khách hàng quảng cáo,"Truyền thông, nghệ thuật và thiết kế",Hà Nội,68.53333333333333,53.8,0,80.45,0.6060833333333333,0.182325,1.3026491812798975,0.45900748191784646,0.24866323146186198,121.66666666666667,1,True,45–54,False,0.22971458917550144,10.607704214132596,False
KH00102810,12,33,Nữ,Chuyên viên kính thuốc,Y tế và chăm sóc sức khỏe,Đà Nẵng,64.41666666666667,50.9,0,80.24166666666666,0.7127416666666667,0.2718916666666667,1.288086546203912,0.4493598703239889,0.2440184788041568,122.41666666666667,1,True,25–34,False,1.1397631601650318,10.635875881108129,False
KH00102845,12,27,Nam,Kỹ sư khoan,Kỹ thuật và xây dựng,Đà Nẵng,69.04166666666667,59.4,0,81.72500000000001,0.5655583333333333,0.11767499999999999,1.9602755883327132,0.4993801819275854,0.2365339257567376,243.41666666666666,0,True,25–34,False,2.7064268942433545,10.385429349965762,False
KH00102850,12,26,Nữ,Nhà thiết kế sản phẩm công nghiệp,"Truyền thông, nghệ thuật và thiết kế",Đồng Tháp,63.824999999999996,52.1,0,82.69166666666666,0.7668666666666667,0.2209,1.3947805905867048,0.4521669816482731,0.254645047680469,304.4166666666667,1,True,25–34,False,0.17510711925498593,11.094100520397498,False
KH00102885,12,28,Nữ,Kỹ sư sản xuất,Kỹ thuật và xây dựng,Lâm Đồng,73.90833333333333,58.9,0,80.99166666666666,0.4797833333333334,0.10525833333333334,1.2406018429328112,0.473720325407851,0.23445152321025975,183.0,0,True,25–34,False,0.31327041900411695,10.893700060652408,False
KH00102890,12,40,Nữ,Kỹ sư điều khiển và tự động hóa,Kỹ thuật và xây dựng,Huế,70.14166666666667,42.8,0,76.99166666666666,0.6463083333333334,0.17276666666666665,2.2938171613207,0.5321350824710414,0.15442609617453731,182.75,2,True,35–44,False,19.97130485033109,3.2302760899902876,True
KH00102925,12,78,Nam,Chuyên viên phôi học lâm sàng,Y tế và chăm sóc sức khỏe,Hải Phòng,65.44166666666666,47.3,0,81.60833333333333,0.7679916666666666,0.18125,1.9387103027654964,0.5001074291122453,0.27703817935439773,122.41666666666667,2,True,65+,False,7.657182619514587,10.068377651142105,True
KH00102930,12,54,Nam,Điều dưỡng nhi khoa,Y tế và chăm sóc sức khỏe,Ninh Bình,62.25833333333333,51.1,0,78.60833333333333,0.8034,0.25009166666666666,1.5087775943471768,0.5228249897603553,0.19045807883922408,182.91666666666666,2,True,45–54,False,2.24748055995555,6.7314925241766135,False
KH00102965,12,58,Nữ,Nhà sản xuất phát thanh,"Truyền thông, nghệ thuật và thiết kế",Quảng Ngãi,59.458333333333336,46.5,0,78.64999999999999,0.9122583333333334,0.32908333333333334,1.3129391847107998,0.5049885937976716,0.19106685333130882,182.91666666666666,3,True,55–64,False,1.1155568840038221,7.249930935786132,False
KH00102970,12,54,Nữ,Lập trình viên ứng dụng,Công nghệ thông tin,Nghệ An,72.16666666666667,59.9,0,79.77499999999999,0.5164166666666666,0.14031666666666667,1.3721470716713633,0.5436552658837207,0.19671097186336653,243.08333333333334,0,True,45–54,False,0.5400980977713421,7.505315593489738,False
KH00103005,12,67,Nữ,Cán bộ chính quyền địa phương,Khu vực công và cộng đồng,Hà Nội,63.300000000000004,47.9,0,71.98333333333333,0.902625,0.23059166666666667,1.4402120791133306,0.5503579004927025,0.17503808271232216,61.0,4,True,65+,False,0.3531157352018811,11.933819811505826,True
KH00103010,12,33,Nữ,Giám đốc chiến lược,Kinh doanh và dịch vụ,Tây Ninh,76.075,67.7,0,82.50833333333334,0.3744,0.08345000000000001,1.399595073049239,0.451943130403341,0.25171322823121994,243.25,0,True,25–34,False,0.2030082297413092,12.154974606948182,False
KH00103045,12,43,Nữ,Biên tập viên hiệu đính,"Truyền thông, nghệ thuật và thiết kế",Vĩnh Long,64.175,53.4,0,82.0,0.7693083333333334,0.20669166666666663,1.4554607766721865,0.45453000007380767,0.24066113773872957,304.8333333333333,2,True,35–44,False,1.3713032936817893,10.483351339366981,False
KH00103050,12,46,Nam,Chuyên viên chỉnh thị,Y tế và chăm sóc sức khỏe,Lào Cai,67.66666666666667,57.7,0,78.79166666666667,0.7403749999999999,0.14666666666666667,0.9059348317795103,0.3849582819223212,0.18627426957433169,182.75,2,True,45–54,False,18.876484069381995,7.798671878401155,False
KH00103085,12,42,Nam,Nhà trị liệu tâm lý trẻ em,Y tế và chăm sóc sức khỏe,Khánh Hòa,64.50833333333334,53.6,0,82.94166666666666,0.7163583333333333,0.16598333333333334,2.0492301702486837,0.5050176825684292,0.259047789611376,304.0833333333333,1,True,35–44,False,0.7401773439972789,9.244185771852663,False
KH00103090,12,43,Nam,Nhà biên soạn từ điển,Giáo dục,Điện Biên,64.66666666666667,51.0,0,79.55,0.673025,0.20305833333333334,2.648193196350845,0.4567704731440329,0.2019332730553168,182.91666666666666,2,True,35–44,False,10.142558247720395,8.148925188569871,True
KH00103125,12,40,Nam,Nhà thiết kế triển lãm,"Truyền thông, nghệ thuật và thiết kế",Thành phố Hồ Chí Minh,62.833333333333336,48.9,0,81.80833333333334,0.7174333333333333,0.2389416666666667,2.042917179899779,0.497263807420081,0.23613361135769748,304.1666666666667,1,True,35–44,True,2.536578580740626,8.134865290585108,False
KH00103130,12,44,Nữ,Biên tập viên hiệu đính báo chí,"Truyền thông, nghệ thuật và thiết kế",Hải Phòng,66.375,54.1,0,78.7,0.6539666666666667,0.15094166666666667,2.044410054720699,0.5096724288442478,0.17402360877511902,364.0833333333333,1,True,35–44,False,1.2923614920620694,5.7752711320403005,False
KH00103165,12,62,Nam,Kỹ thuật viên sản xuất bia,Kỹ thuật và xây dựng,Thành phố Hồ Chí Minh,65.3,47.2,0,78.16666666666667,0.6942916666666666,0.24475,1.7091266768034934,0.525456558501915,0.21045888410712119,122.0,2,True,55–64,False,0.41200150566449617,8.01220813587573,True
KH00103170,12,67,Nam,Giám đốc vận hành,Kinh doanh và dịch vụ,Thành phố Hồ Chí Minh,77.83333333333333,66.0,0,77.39999999999999,0.3532916666666666,0.08676666666666666,1.3296667316310098,0.5466592421873006,0.19638303230623214,122.08333333333333,0,True,65+,False,1.4483874542834978,9.68094868668957,False
KH00103205,12,59,Nam,Nhà khoa học địa chất,Khoa học và nghiên cứu,Thành phố Hồ Chí Minh,73.53333333333333,58.4,0,78.60833333333333,0.44985,0.1549,1.35915516678404,0.5450407984736533,0.19306586009658191,183.0,0,True,55–64,False,1.5520640766800673,9.708457965645835,False
KH00103210,12,44,Nữ,Giám đốc vận hành,Kinh doanh và dịch vụ,Điện Biên,73.675,50.9,0,77.925,0.45565833333333333,0.12265833333333333,1.7754366985608527,0.5415475244503768,0.16976181489082698,182.41666666666666,1,True,35–44,False,0.20132838185640003,8.982409081773097,True
KH00103245,12,48,Nữ,Chuyên viên tư vấn môi trường,Nông nghiệp và môi trường,Đồng Tháp,60.949999999999996,47.5,0,79.96666666666667,0.7389583333333333,0.265025,2.257766540801827,0.49170389003814025,0.19929188457780236,366.0,1,True,45–54,False,0.965409790808797,5.15857044077732,True
KH00103250,12,20,Nam,Chuyên viên thông tin hướng nghiệp,Giáo dục,Phú Thọ,62.76666666666667,48.2,0,83.38333333333334,0.8123166666666667,0.2289,1.0259166378466535,0.26920047268591835,0.268299180283158,364.5833333333333,1,True,<25,True,0.32518716956584903,11.43688616601625,False
KH00103285,12,59,Nam,Biên tập viên đặt bài,"Truyền thông, nghệ thuật và thiết kế",Hà Nội,68.86666666666666,56.2,0,77.61666666666666,0.594225,0.1398,1.7530560359556089,0.48677495858635217,0.1668150830837861,182.33333333333334,0,True,55–64,False,2.66496507652439,6.897666063383784,False
KH00103290,12,66,Nữ,Nhà di truyền tế bào học,Khoa học và nghiên cứu,Khánh Hòa,66.66666666666667,56.6,0,80.91666666666667,0.7088166666666668,0.1621,1.6026330595777674,0.5599715153386812,0.2341831272074517,182.66666666666666,1,True,65+,False,3.2004267122068586,11.132186823415463,False
KH00103325,12,58,Nam,Chuyên viên viết nội dung quảng cáo,"Truyền thông, nghệ thuật và thiết kế",Thanh Hóa,63.23333333333333,45.2,0,77.27499999999999,0.8023583333333333,0.25525,1.8015031889780184,0.4912718535814567,0.15511116524953994,182.83333333333334,2,True,55–64,False,9.991024948710159,6.26648602049876,True
KH00103330,12,53,Nữ,Chuyên viên pháp lý được cấp chứng chỉ,Tài chính và pháp lý,Tây Ninh,66.99166666666666,51.2,0,78.23333333333333,0.6804583333333333,0.21384166666666668,1.4425519978659078,0.5672852400976417,0.2119642021439184,122.0,1,True,45–54,False,0.8471212316661122,10.535515860892158,False
KH00103365,12,53,Nam,Công chức diện đào tạo nhanh,Khu vực công và cộng đồng,Tây Ninh,61.15,43.9,0,74.31666666666666,0.8961916666666667,0.24808333333333332,1.2647848347096133,0.5382181679632203,0.21452246450607312,61.416666666666664,2,True,45–54,False,0.31661170498963104,7.134172884591293,True
KH00103370,12,58,Nữ,Người dẫn chương trình phát sóng,"Truyền thông, nghệ thuật và thiết kế",Hưng Yên,63.53333333333333,52.1,0,73.375,0.7586083333333332,0.218975,1.6145098331777563,0.5258638604033519,0.19135805196175262,61.25,2,True,55–64,False,0.652132159855903,7.67314467956674,True
KH00103405,12,38,Nam,Quản lý trung tâm thể hình,Kinh doanh và dịch vụ,Cà Mau,63.275,46.1,0,81.26666666666667,0.7989916666666668,0.23656666666666668,1.798639580094408,0.5260014002047902,0.23712737934692493,183.0,2,True,35–44,True,0.8452534308405659,9.788653137208414,True
KH00103410,12,59,Nam,Nhân viên phát triển cộng đồng,Khu vực công và cộng đồng,Hải Phòng,62.81666666666666,54.0,0,76.7,0.9416083333333334,0.2298083333333333,1.2242524504056755,0.5437524058413961,0.18818660942340962,122.08333333333333,4,True,55–64,False,0.7168716821286931,9.064746129693841,False
KH00103445,12,64,Nam,Nhà địa chất hiện trường,Khoa học và nghiên cứu,Quảng Ngãi,67.19166666666666,51.1,0,74.8,0.69385,0.17998333333333336,1.420502785890058,0.5061528210277161,0.22411868372966368,61.166666666666664,2,True,55–64,False,1.8633659287077973,8.277933449685214,False
KH00103450,12,92,Nữ,Chuyên viên trưng bày bán lẻ,Kinh doanh và dịch vụ,Phú Thọ,67.84166666666667,52.5,0,77.21666666666667,0.6375583333333333,0.17383333333333337,1.5136382832262563,0.5124740933621709,0.18928927244738344,122.25,1,True,65+,False,0.3035919791125352,6.013561704070405,False
KH00103485,12,27,Nữ,Nhân viên xe cứu thương,Y tế và chăm sóc sức khỏe,Đồng Tháp,60.74166666666667,50.9,0,80.35833333333333,0.8876,0.22144166666666668,1.4136696467835028,0.4172600900186956,0.2410546757489307,122.08333333333333,3,True,25–34,True,0.6432213868202706,13.244281241936614,False
KH00103490,12,29,Nữ,Nhà trị liệu tâm lý,Y tế và chăm sóc sức khỏe,Lạng Sơn,60.625,48.3,0,79.18333333333334,0.91,0.21698333333333333,2.4606180872062193,0.5108597141307137,0.1885130306993208,243.41666666666666,3,True,25–34,False,9.164057716902647,8.400435455643699,True
KH00103525,12,47,Nam,Chuyên viên vệ sinh lao động,Y tế và chăm sóc sức khỏe,Hà Nội,62.93333333333334,0.8,1,72.35000000000001,1.1463666666666665,0.27666666666666667,1.7818478161756104,0.5346069856215833,0.16018468179016485,61.5,3,True,45–54,False,41.26130660412649,2.107701258944653,True
KH00103530,12,51,Nam,Người dẫn chương trình phát sóng,"Truyền thông, nghệ thuật và thiết kế",Nghệ An,60.833333333333336,49.5,0,79.27499999999999,0.8703916666666668,0.23981666666666668,1.649382660203375,0.4640740121734015,0.22698908271683826,122.16666666666667,4,True,45–54,False,0.3245532143177605,11.944321941515511,False
KH00103565,12,38,Nam,Chủ nhiệm ánh sáng trường quay,"Truyền thông, nghệ thuật và thiết kế",An Giang,67.91666666666667,55.8,0,79.29166666666667,0.701375,0.176725,0.9436087022658889,0.3885504951207836,0.1883184695627991,243.33333333333334,1,True,35–44,False,19.04368898467795,9.267534519352726,False
KH00103570,12,25,Nữ,Trợ lý phát thanh,"Truyền thông, nghệ thuật và thiết kế",Vĩnh Long,56.25833333333333,34.6,2,73.75,0.8829916666666667,0.2056083333333333,2.0225029753611854,0.41967786878235236,0.20416785557278375,61.5,6,True,25–34,False,7.432782477033949,12.239155305705202,True
KH00103605,12,39,Nữ,Cán bộ đào tạo và phát triển,Khu vực công và cộng đồng,Thành phố Hồ Chí Minh,60.574999999999996,48.2,0,80.51666666666667,0.85025,0.26371666666666665,1.439921354912839,0.4368532710272301,0.22280979602834708,183.16666666666666,2,True,35–44,True,1.8141014173531689,9.386007311327184,False
KH00103610,12,27,Nữ,Chuyên viên phân tích địa chấn,Khoa học và nghiên cứu,Vĩnh Long,68.10000000000001,47.9,0,72.575,0.788425,0.18024166666666666,1.3553774715064806,0.6139656322726629,0.16782106369998648,61.666666666666664,2,True,25–34,False,1.78285344178914,6.190743792206803,True
KH00103645,12,65,Nữ,Chuyên viên tư vấn tâm lý,Y tế và chăm sóc sức khỏe,Vĩnh Long,69.02499999999999,52.4,0,75.85000000000001,0.6439833333333334,0.15585000000000002,1.3903447773170223,0.5625468615761617,0.16449393150252414,122.5,2,True,65+,False,0.3796784316356683,7.286017769403948,False
KH00103650,12,67,Nam,Thủ thư thư viện công cộng,Giáo dục,Quảng Ngãi,66.21666666666667,45.5,0,71.99166666666666,0.8143583333333333,0.229175,1.5645649523636578,0.54868196946798,0.17649305092525916,61.333333333333336,2,True,65+,False,9.405730189038625,8.177663879911911,True
KH00103690,12,47,Nữ,Biên tập viên chuyên đề tạp chí,"Truyền thông, nghệ thuật và thiết kế",Thành phố Hồ Chí Minh,65.54166666666667,53.7,0,81.04166666666667,0.7308166666666667,0.15045,1.9740330427104178,0.5269360105139668,0.22298756486371488,243.91666666666666,2,True,45–54,False,0.4694931009187049,10.474571701170534,True
KH00103725,12,55,Nam,Chuyên viên tư vấn làm vườn,Nông nghiệp và môi trường,Thành phố Hồ Chí Minh,69.79166666666667,49.8,0,72.83333333333333,0.6302666666666666,0.14859166666666665,1.3134032673454141,0.4862669505506057,0.18953199813960206,61.583333333333336,1,True,55–64,False,0.4195000617029699,14.456685316456102,False
KH00103730,12,45,Nữ,Chuyên viên thu mua bán lẻ,Kinh doanh và dịch vụ,Thanh Hóa,67.11666666666666,46.9,0,74.71666666666667,0.6991416666666667,0.19535,2.0969582169397274,0.5122768985829572,0.21886823325602178,61.166666666666664,2,True,45–54,False,11.754830262606442,8.223873371908292,True
KH00103765,12,41,Nữ,Kỹ sư hàng không,Kỹ thuật và xây dựng,Tuyên Quang,66.02499999999999,52.1,0,79.01666666666667,0.6301166666666667,0.21772500000000003,2.0119642896234518,0.5335030057478549,0.1910087512100058,183.41666666666666,0,True,35–44,False,0.40357553219090914,6.63196975500068,True
KH00103770,12,30,Nam,Cán bộ giáo dục bảo tàng,Giáo dục,Thành phố Hồ Chí Minh,58.725,35.6,2,75.19166666666666,0.9560166666666666,0.20756666666666668,1.5517643080081946,0.5450750042283552,0.21840649651068933,61.333333333333336,4,True,25–34,False,6.203467485812464,11.90381978792454,True
KH00103805,12,65,Nam,Nhà khoa học nghiên cứu y học,Khoa học và nghiên cứu,Hải Phòng,66.9,52.1,0,75.23333333333333,0.646125,0.153175,2.0354452437860906,0.45171572148611777,0.14618845729553429,122.5,2,True,65+,False,6.032855442939621,3.9669927125757973,True
KH00103810,12,47,Nữ,Nhà độc chất học,Khoa học và nghiên cứu,Đồng Tháp,63.46666666666667,51.4,0,82.64166666666667,0.7803249999999999,0.20945833333333333,1.3776736260294065,0.4304105629964237,0.2530811263602381,303.1666666666667,3,True,45–54,True,0.21710787715320898,10.781318835958977,False
KH00103845,12,54,Nam,Chuyên viên quy hoạch đô thị,Kỹ thuật và xây dựng,Phú Thọ,62.61666666666667,49.5,0,79.075,0.8950333333333335,0.23015,1.4952907917621865,0.5339019561977568,0.1984158878105856,182.91666666666666,3,True,45–54,False,2.0447812321707493,7.4083751882301225,False
KH00103850,12,22,Nữ,Nhà khoa học nghiên cứu toán học,Khoa học và nghiên cứu,Sơn La,69.64999999999999,53.3,0,82.48333333333333,0.5249750000000001,0.13109166666666666,2.3740670509819095,0.45424177798665877,0.2530264008713264,243.0,1,True,<25,False,1.2282235445566798,14.20824210882245,True
KH00103885,12,75,Nam,Nhà thiết kế trang sức,"Truyền thông, nghệ thuật và thiết kế",Tây Ninh,67.88333333333334,52.4,0,73.64999999999999,0.6698416666666667,0.15784166666666666,1.5236587751048887,0.4842251696676439,0.1904856295415197,61.333333333333336,2,True,65+,False,0.24738995697565963,7.411469145831454,True
KH00103890,12,33,Nam,Quản lý khách sạn,Kinh doanh và dịch vụ,Thái Nguyên,68.34166666666667,49.2,0,72.5,0.6239083333333334,0.20188333333333333,1.603393143522462,0.5463449819615455,0.1669447920279393,61.416666666666664,2,True,25–34,False,1.8333483932639307,7.4121490838013795,True
KH00103925,12,86,Nữ,Chuyên viên chăm sóc cây,Nông nghiệp và môi trường,Quảng Ninh,66.88333333333334,54.4,0,76.55,0.6955333333333332,0.18905833333333333,1.3736415031460194,0.48649383975527677,0.17644311605803611,121.91666666666667,1,True,65+,False,3.476753450911988,9.559477604893976,False
KH00103970,12,49,Nữ,Quản lý hồ sơ,Kinh doanh và dịch vụ,Bắc Ninh,70.89999999999999,57.5,0,84.31666666666666,0.5234833333333334,0.13367500000000002,1.4587812743882707,0.4447423786147516,0.29696293798589346,183.25,0,True,45–54,False,0.22002740862003614,15.02422294356506,False
KH00104005,12,40,Nam,Bác sĩ bệnh viện,Y tế và chăm sóc sức khỏe,Hưng Yên,71.78333333333333,59.2,0,81.35833333333333,0.4763916666666666,0.143675,1.6555498851102646,0.5308556471322654,0.22767604950745413,304.0,0,True,35–44,False,2.0397046970296997,4.857682266717527,False
KH00104010,12,85,Nam,Kỹ sư vận hành phát sóng,Kỹ thuật và xây dựng,Đồng Nai,68.95,48.0,0,76.85833333333333,0.5582333333333334,0.21919166666666667,1.70188983791219,0.5462703085177094,0.18688570319890144,122.08333333333333,1,True,65+,False,7.587506733583811,9.86551598978244,True
KH00104045,12,61,Nam,Chuyên viên công nghệ màu sắc,Kỹ thuật và xây dựng,An Giang,63.94166666666666,50.7,0,76.70833333333333,0.7726833333333333,0.25743333333333335,1.2925035408039893,0.5343615051458249,0.1947235004470008,122.66666666666667,1,True,55–64,False,0.8923144208388311,6.365732161124371,False
KH00104050,12,81,Nam,Quản trị viên giáo dục,Giáo dục,Đà Nẵng,59.76666666666667,32.4,1,80.81666666666666,0.7899333333333334,0.30968333333333337,1.6183199051370885,0.5122199211160127,0.22884952324479454,183.58333333333334,3,True,65+,True,2.75939683422859,9.279796669829693,True
KH00104085,12,21,Nữ,Kỹ sư ô tô,Kỹ thuật và xây dựng,Lào Cai,65.45833333333333,30.8,1,78.175,0.6872333333333334,0.16515,0.9850154087802299,0.265831238797366,0.2861335074426639,61.666666666666664,2,True,<25,False,0.5436801591677453,11.855395882032681,False
KH00104090,12,42,Nam,Chuyên viên y tế môi trường,Nông nghiệp và môi trường,Hà Nội,64.95833333333333,50.8,0,79.64999999999999,0.750175,0.26864166666666667,0.8969736572088296,0.4060356792420185,0.204477961136857,183.25,2,True,35–44,False,17.1677108469127,9.808510909683337,False
KH00104125,12,30,Nữ,Quản lý nhà hát,"Truyền thông, nghệ thuật và thiết kế",Phú Thọ,67.18333333333334,54.7,0,79.7,0.5809833333333333,0.22005,1.4175732321888013,0.4171562276909151,0.20575977404498255,182.25,1,True,25–34,False,1.81359750033321,8.821900820517662,False
KH00104130,12,50,Nữ,Nhà thiết kế trang sức,"Truyền thông, nghệ thuật và thiết kế",Lào Cai,63.4,34.5,1,74.04166666666667,0.8599166666666666,0.3434083333333333,1.2240982386735944,0.5075124729434176,0.21611642541781043,61.916666666666664,2,True,45–54,False,0.810357232345645,17.034985227779025,True
KH00104165,12,33,Nữ,Kiểm soát viên tài chính,Tài chính và pháp lý,Thành phố Hồ Chí Minh,66.23333333333333,55.8,0,80.59166666666667,0.6380583333333333,0.17134166666666664,2.5023028545235126,0.524609848164824,0.21149304822917428,365.1666666666667,1,True,25–34,False,3.500908199137328,10.02062026637379,True
KH00104170,12,58,Nữ,Quản lý tổng đài,Kinh doanh và dịch vụ,Sơn La,69.45833333333333,57.8,0,77.65833333333333,0.624575,0.13680833333333334,1.4731510976396633,0.4958614535748927,0.17085308618993336,182.91666666666666,1,True,55–64,False,4.037102862965054,6.704838091508098,True
KH00104205,12,49,Nữ,Chuyên viên kính thuốc,Y tế và chăm sóc sức khỏe,Đà Nẵng,62.60833333333333,30.3,1,78.60833333333333,0.7214999999999999,0.16820833333333332,2.334879025735742,0.4643185116095679,0.21451015230781315,122.08333333333333,2,True,45–54,False,12.621219376905554,8.154323506903687,True
KH00104210,12,71,Nữ,Chuyên viên chăm sóc bàn chân,Y tế và chăm sóc sức khỏe,Thành phố Hồ Chí Minh,70.15833333333333,57.0,0,79.825,0.5921333333333334,0.119475,1.5208159787347484,0.5045163585313589,0.2106946873329286,183.0,1,True,65+,False,2.926113970057646,8.129748128708798,False
KH00104245,12,45,Nam,Chuyên viên nghiên cứu xã hội,Khoa học và nghiên cứu,Lâm Đồng,63.1,51.7,0,80.43333333333334,0.8139249999999999,0.17203333333333334,2.043134840359611,0.47354670989112463,0.21794147122194238,183.08333333333334,4,True,45–54,True,3.0565791810903313,8.226761093028106,True
KH00104250,12,64,Nữ,Nhà địa chất hiện trường,Khoa học và nghiên cứu,Bắc Ninh,66.75,52.6,0,77.11666666666666,0.7162333333333333,0.17450833333333335,1.3613519600647839,0.5253786368481811,0.18579192796378396,122.25,1,True,55–64,False,0.2911556300793769,8.285300401617288,True
KH00104285,12,53,Nữ,Chuyên viên tư vấn thuế,Tài chính và pháp lý,Đồng Nai,64.85833333333333,52.0,0,77.8,0.8005833333333333,0.17845,1.431561927591524,0.5012795137754832,0.17241491837841103,182.66666666666666,3,True,45–54,False,1.8717431179665864,6.825079142498991,False
KH00104290,12,34,Nữ,Chuyên viên tư vấn môi trường,Nông nghiệp và môi trường,Thành phố Hồ Chí Minh,69.34166666666667,56.7,0,82.97500000000001,0.580125,0.14890833333333334,1.3763741759202492,0.44405234553813394,0.25952421716115454,365.4166666666667,0,True,25–34,False,0.5918524604385567,11.534019524293099,False
KH00104325,12,60,Nam,Trợ lý sản xuất phát thanh,"Truyền thông, nghệ thuật và thiết kế",Thành phố Hồ Chí Minh,64.95,52.2,0,77.27499999999999,0.8588416666666667,0.1753,1.2175846689129717,0.5455875222344028,0.20085475136574338,122.16666666666667,2,True,55–64,False,0.4045698962328099,9.449070720011338,False
KH00104365,12,36,Nam,Nhà giao dịch tài chính,Tài chính và pháp lý,Sơn La,72.25,64.0,0,80.93333333333334,0.48823333333333335,0.11440833333333333,1.7083620275638653,0.539924921893693,0.2211892016858641,243.41666666666666,0,True,35–44,False,2.2332501280320027,8.684203020935248,False
KH00104370,12,70,Nam,Kỹ sư sản xuất,Kỹ thuật và xây dựng,Đồng Tháp,70.79166666666667,54.5,0,78.825,0.5354166666666667,0.11081666666666667,1.7722740609329308,0.4819350149927304,0.19372578916432803,183.16666666666666,0,True,65+,False,0.3841014620678531,9.574231031177183,False
KH00104405,12,35,Nữ,Chuyên viên pháp chế,Tài chính và pháp lý,Thanh Hóa,64.7,50.5,0,79.44166666666666,0.7509833333333332,0.18957500000000002,1.854955529776715,0.536229589283469,0.1885380745112116,364.8333333333333,2,True,35–44,False,0.2066777813958677,8.000716155786808,False
KH00104410,12,59,Nữ,Dược sĩ bệnh viện,Y tế và chăm sóc sức khỏe,Hưng Yên,70.79166666666667,56.2,0,74.72500000000001,0.5485916666666667,0.1087,1.6281686415773304,0.43538879206173253,0.23490359355523827,61.583333333333336,0,True,55–64,False,1.3145523713608724,17.256457392761927,True
KH00104445,12,37,Nam,Nhà khoa học thính học,Y tế và chăm sóc sức khỏe,Đà Nẵng,68.99166666666666,42.4,0,75.18333333333334,0.53395,0.14805833333333332,2.1187798735906056,0.4868413201527866,0.22564792331826355,61.583333333333336,0,True,35–44,False,7.397114422305987,13.167460754735604,True
KH00104450,12,29,Nữ,Nhà thống kê,Khoa học và nghiên cứu,Thành phố Hồ Chí Minh,69.05833333333334,53.8,0,82.8,0.606325,0.14826666666666666,1.3617675487918166,0.46427033725516803,0.2563311458837026,303.75,1,True,25–34,False,1.4238394505190208,10.242835358054046,False
KH00104485,12,47,Nam,Cán bộ hành chính địa phương,Khu vực công và cộng đồng,Cà Mau,62.324999999999996,56.0,0,77.77499999999999,0.8877166666666666,0.25067500000000004,0.8853420385000672,0.41084735713958564,0.19660747869647102,122.16666666666667,2,True,45–54,False,16.229430933246935,8.366142887663374,False
KH00104525,12,25,Nam,Nhà biên soạn từ điển,Giáo dục,Đồng Tháp,61.73333333333333,42.1,0,74.77499999999999,0.8855083333333335,0.2657916666666667,1.9182311467406326,0.45335400043854945,0.23271329079821554,61.916666666666664,3,True,25–34,False,0.325460715835997,14.48827986267314,True
KH00104530,12,72,Nam,Sĩ quan hậu cần quân đội,Khu vực công và cộng đồng,Hà Nội,66.39166666666667,44.3,0,72.325,0.68745,0.23743333333333336,1.5490609034642135,0.47988151494389847,0.17528215030984118,61.5,2,True,65+,False,6.267493720995092,9.210031265620255,True
KH00104565,12,63,Nam,Quản trị viên cơ sở dữ liệu,Công nghệ thông tin,Khánh Hòa,66.69166666666666,52.7,0,76.40833333333333,0.724025,0.15965,1.5011987339266097,0.49654266270923625,0.16883522751326896,121.75,3,True,55–64,False,1.0689146950933899,7.857486552286291,False
KH00104570,12,70,Nữ,Chuyên viên nghiên cứu viễn thông,Khoa học và nghiên cứu,Thành phố Hồ Chí Minh,66.10000000000001,53.7,0,79.26666666666667,0.747575,0.1705,1.4007635834195575,0.5675535582251136,0.18904886255589157,243.5,1,True,65+,False,1.1143896692461595,6.080733040836678,False
KH00104605,12,36,Nam,Nhà tâm lý học pháp y,Y tế và chăm sóc sức khỏe,Điện Biên,67.48333333333333,52.4,0,79.70833333333333,0.67645,0.17226666666666668,0.9454523059025209,0.3829792790510604,0.20546587626529544,183.08333333333334,1,True,35–44,False,20.85723261318641,10.40887717669405,False
KH00104645,12,37,Nam,Nhân viên y tế cộng đồng,Y tế và chăm sóc sức khỏe,Nghệ An,60.041666666666664,46.9,0,77.54166666666667,0.9050833333333334,0.25195833333333334,1.7010497849970594,0.4734715634908601,0.2641797735453008,61.25,4,True,35–44,False,3.9416131969311152,13.572692676945856,True
KH00104650,12,21,Nam,Chuyên viên công nghệ dệt may,Kỹ thuật và xây dựng,An Giang,67.83333333333333,56.7,0,82.90833333333333,0.6347416666666666,0.14281666666666668,1.0577092162161257,0.2505883697298655,0.25882495164835345,303.8333333333333,1,True,<25,False,0.310797827374624,10.057810704235855,False
KH00104690,12,68,Nữ,Nhà tâm lý học giáo dục,Y tế và chăm sóc sức khỏe,Đồng Tháp,67.36666666666666,45.2,0,71.46666666666667,0.6483916666666666,0.22848333333333334,1.7774629151203456,0.4959025663702246,0.16624509955363784,61.416666666666664,2,True,65+,False,13.431406893283373,10.139366612242055,True
KH00104725,12,41,Nam,Chuyên viên nghiên cứu chương trình,Khoa học và nghiên cứu,Đồng Nai,61.93333333333334,46.9,0,80.5,0.8386833333333333,0.26735000000000003,2.3478465526295778,0.5316086178148928,0.2129313448624536,242.75,3,True,35–44,True,9.521917509744135,7.272225446082303,True
KH00104730,12,21,Nữ,Nhà tâm lý học tư vấn,Y tế và chăm sóc sức khỏe,Huế,65.875,54.0,0,81.13333333333334,0.6200583333333334,0.13835,2.6145839861491087,0.4184372172122124,0.2251200349101733,244.25,0,True,<25,False,0.49622758724981714,7.703865599110643,True
KH00104765,12,44,Nam,Nhà địa chất hiện trường,Khoa học và nghiên cứu,Đồng Nai,64.81666666666666,50.6,0,82.175,0.6691166666666666,0.19931666666666667,2.1965943140773185,0.4900047513275802,0.24418558904665863,304.6666666666667,2,True,35–44,False,3.956553335939087,8.418313656960112,False
KH00104770,12,72,Nữ,Nhà khoa học y sinh,Khoa học và nghiên cứu,Hà Nội,70.96666666666667,54.9,0,77.54166666666667,0.5322416666666666,0.1628,1.4582535236005505,0.5281960763538803,0.16581079442488653,182.58333333333334,0,True,65+,False,1.162616286720508,6.272234154784289,False
KH00104805,12,28,Nam,Chuyên viên viết nội dung quảng cáo,"Truyền thông, nghệ thuật và thiết kế",Điện Biên,67.14999999999999,48.9,0,81.09166666666667,0.64805,0.19124166666666667,1.8793083628803726,0.5228989509354213,0.23442575309848349,182.83333333333334,1,True,25–34,False,0.5446264774552816,12.466113821740047,True
KH00104810,12,31,Nam,Chánh văn phòng,Khu vực công và cộng đồng,Tây Ninh,65.98333333333333,56.6,0,77.625,0.7647749999999999,0.16225,0.9827180529456278,0.3573610634785053,0.18980570496069285,121.66666666666667,1,True,25–34,False,21.555674407850937,10.980141452802176,False
KH00104845,12,61,Nữ,Họa sĩ,"Truyền thông, nghệ thuật và thiết kế",Đồng Nai,69.94166666666666,50.2,0,77.72500000000001,0.6869999999999999,0.13859166666666667,1.3316896982138526,0.5492556118098948,0.17273931455444866,182.91666666666666,1,True,55–64,False,1.0148573030279584,6.600251393100266,False
KH00104850,12,19,Nam,Kỹ sư viễn thông,Kỹ thuật và xây dựng,Phú Thọ,67.73333333333333,55.9,0,80.95833333333333,0.5813083333333333,0.11974166666666668,2.8796028054327096,0.41372066867822604,0.23900332957740045,182.5,0,True,<25,False,0.5445782255886212,17.46398222698756,True
KH00104885,12,29,Nam,Kỹ sư sản xuất,Kỹ thuật và xây dựng,Gia Lai,67.76666666666667,48.1,0,78.14999999999999,0.651875,0.18186666666666665,1.6710348052160937,0.5359452636476569,0.20353321815114922,122.33333333333333,2,True,25–34,False,2.23025437762105,9.129240920236102,False
KH00104890,12,60,Nữ,Kỹ sư khai thác mỏ,Kỹ thuật và xây dựng,Đắk Lắk,71.64999999999999,48.9,0,72.36666666666666,0.533625,0.136725,1.29899549396922,0.5364974962884562,0.17795362727102418,61.5,0,True,55–64,False,0.5194936995271734,7.304439113175591,True
KH00104925,12,47,Nam,Trợ lý sản xuất truyền hình,"Truyền thông, nghệ thuật và thiết kế",Cần Thơ,59.05833333333334,50.3,0,80.97500000000001,0.9329666666666666,0.20326666666666668,2.5244478339020024,0.4972808934277073,0.2208432495241457,302.3333333333333,2,True,45–54,True,4.977967869413673,7.503294404664716,True
KH00104930,12,35,Nam,Chuyên viên trắc địa,Kỹ thuật và xây dựng,Đắk Lắk,66.45833333333333,51.5,0,79.91666666666667,0.7647583333333333,0.16520833333333332,1.5556158407352072,0.5555090114359489,0.20063482313578107,243.16666666666666,2,True,35–44,False,2.098266361522073,6.287246580233566,False
KH00104965,12,84,Nữ,Nhà hóa sinh lâm sàng,Khoa học và nghiên cứu,Nghệ An,62.76666666666667,43.6,0,76.26666666666667,0.836875,0.1734416666666667,1.4878811065173165,0.47159127048580746,0.25449888886908234,61.5,3,True,65+,False,4.0919359424664785,18.298282566658227,True
KH00104970,12,54,Nữ,Nhà khoa học lâm sàng miễn dịch di truyền,Khoa học và nghiên cứu,Thanh Hóa,68.64166666666667,54.4,0,77.85000000000001,0.6083583333333333,0.15739166666666668,1.4671867035478086,0.4932242064691914,0.1967775384865885,122.25,1,True,45–54,False,1.0452101618541658,8.601871202800806,False
KH00105005,12,65,Nữ,Chuyên viên tư vấn tài chính,Tài chính và pháp lý,Nghệ An,69.8,56.0,0,78.58333333333333,0.56595,0.19110000000000002,1.3564178461439251,0.5496804912084878,0.17684197561219697,243.25,0,True,65+,False,1.9478868172627242,5.608610560045192,False
KH00105010,12,53,Nam,Kỹ sư đóng tàu,Kỹ thuật và xây dựng,Thành phố Hồ Chí Minh,71.96666666666667,54.6,0,80.75,0.4490416666666666,0.1461083333333333,1.7234868751905463,0.49908460145864325,0.2204824528983035,243.5,0,True,45–54,False,2.209014060916395,9.049525121475584,False
KH00105045,12,68,Nam,Nhà di truyền tế bào học,Khoa học và nghiên cứu,Cần Thơ,65.36666666666666,52.6,0,77.89166666666667,0.7646416666666666,0.15734166666666669,1.7723592819553635,0.47747534821172427,0.16888395052933713,182.5,2,True,65+,False,2.545973510930271,7.309280656135762,True
KH00105050,12,30,Nữ,Thư ký y khoa,Y tế và chăm sóc sức khỏe,Hà Tĩnh,55.125,39.3,1,79.40833333333333,1.0240833333333332,0.225,2.0790646529994636,0.5060067259635416,0.20143080548142492,182.91666666666666,5,True,25–34,False,0.21271640590160593,5.955570993528159,True
KH00105085,12,79,Nam,Kế toán công tài chính công,Tài chính và pháp lý,Phú Thọ,69.02499999999999,49.1,0,77.45833333333333,0.6681499999999999,0.174775,1.3502456917636296,0.5733863286955213,0.20047745455109037,121.83333333333333,1,True,65+,False,1.0181538137206605,9.503916224419772,False
KH00105090,12,50,Nữ,Lập trình viên hệ thống,Công nghệ thông tin,Phú Thọ,69.15833333333333,54.4,0,81.61666666666666,0.5579333333333333,0.17720833333333333,1.4160075546244364,0.44578642575058797,0.2323500171605363,303.6666666666667,1,True,45–54,False,0.12019956468332642,11.23591877256139,False
KH00105125,12,24,Nữ,Bác sĩ bệnh viện,Y tế và chăm sóc sức khỏe,Thành phố Hồ Chí Minh,73.24166666666666,62.4,0,80.49166666666666,0.3722083333333333,0.09688333333333334,2.220615859375078,0.4357839712048884,0.21191103212696646,304.5,0,True,<25,False,2.753828802678813,11.519103333107452,False
KH00105130,12,31,Nam,Quản lý bối cảnh quay,"Truyền thông, nghệ thuật và thiết kế",Tây Ninh,68.45,53.4,0,80.73333333333333,0.5852416666666667,0.12945833333333334,1.8592043361435906,0.4914684519325367,0.229293216111898,182.75,1,True,25–34,False,3.1641243814147666,8.545441690080915,False
KH00105165,12,59,Nam,Điều dưỡng sức khỏe tâm thần,Y tế và chăm sóc sức khỏe,Điện Biên,61.333333333333336,41.3,0,79.03333333333333,0.9116583333333333,0.30377499999999996,1.3707662443429183,0.5155327820207809,0.23083408875934652,122.25,3,True,55–64,False,0.220106504956201,12.830735454488295,False
KH00105170,12,91,Nữ,Nhà khoa học thính học,Y tế và chăm sóc sức khỏe,Hà Nội,76.00833333333334,63.2,0,79.88333333333334,0.4236166666666667,0.089025,1.4544185246064256,0.5401945529359308,0.21809275578226986,182.91666666666666,0,True,65+,False,4.586616453890417,9.156819743076921,False
KH00105205,12,19,Nam,Nhân viên giao nhận vận tải,Kinh doanh và dịch vụ,Lâm Đồng,63.19166666666666,40.8,0,82.73333333333333,0.7780166666666667,0.18315833333333334,1.0351551347637564,0.2549225494368597,0.3020315556864391,123.08333333333333,2,True,<25,True,0.22702963222890676,17.911137135198892,False
KH00105245,12,45,Nữ,Lính cứu hỏa,Khu vực công và cộng đồng,Tây Ninh,67.825,51.7,0,82.93333333333334,0.639525,0.18264166666666667,1.300673914263452,0.4492605779252177,0.2583789211459175,364.25,1,True,45–54,False,0.7243328802511462,11.914905808801532,False
KH00105250,12,42,Nam,Điều dưỡng sức khỏe tâm thần,Y tế và chăm sóc sức khỏe,Hưng Yên,65.10833333333333,54.2,0,78.48333333333333,0.7793916666666667,0.20501666666666665,0.9450369626389019,0.38218644065875046,0.18444617744356626,182.91666666666666,1,True,35–44,False,21.817168823798667,8.82512045312858,False
KH00105285,12,50,Nữ,Kỹ sư khoan,Kỹ thuật và xây dựng,Lào Cai,70.28333333333333,54.2,0,80.13333333333334,0.5749416666666667,0.145925,1.543138870631742,0.5587074170950145,0.20414364747169778,244.33333333333334,1,True,45–54,False,0.6045518572865508,6.9057264361684485,False
KH00105290,12,30,Nam,Chuyên viên trị liệu kịch nghệ,Y tế và chăm sóc sức khỏe,Đồng Tháp,65.43333333333334,53.6,0,82.78333333333333,0.642675,0.14590833333333333,2.2547943189762303,0.46103224145610683,0.25862482888493316,242.75,1,True,25–34,False,0.6923855104639163,12.260345995481773,False
KH00105330,12,34,Nữ,Thủ thư thư viện công cộng,Giáo dục,Hải Phòng,64.27499999999999,53.5,0,82.16666666666667,0.8111166666666666,0.17785833333333334,1.3656711046045518,0.444575645169657,0.255055202797009,182.75,3,True,25–34,False,0.2455536204875321,12.24314807723533,False
KH00105365,12,36,Nam,Nhân viên cấp cứu,Y tế và chăm sóc sức khỏe,Thái Nguyên,57.78333333333333,40.7,0,81.41666666666667,0.8916666666666666,0.34084166666666665,2.376823091637838,0.5060564889045263,0.22826702346300218,304.3333333333333,3,True,35–44,True,5.079674828021247,9.96668610932445,True
KH00105370,12,30,Nam,Chuyên viên dựng phim,"Truyền thông, nghệ thuật và thiết kế",Lai Châu,61.975,46.3,0,77.91666666666667,0.8078083333333334,0.28485,0.9197457055361072,0.38229104131121416,0.19692455059157343,122.33333333333333,2,True,25–34,False,19.431838591374202,10.91228671324234,False
KH00105405,12,65,Nam,Nhà thiết kế đồ gỗ,"Truyền thông, nghệ thuật và thiết kế",Hà Nội,65.23333333333333,49.7,0,79.56666666666666,0.6872333333333334,0.26065,1.4230616636340427,0.5417941883544087,0.19821238399171318,243.75,2,True,65+,False,0.36858676580317995,8.757960537245845,False
KH00105410,12,55,Nữ,Chuyên viên công nghệ màu sắc,Kỹ thuật và xây dựng,Hà Nội,68.59166666666667,51.0,0,74.26666666666667,0.6875916666666667,0.17445833333333335,1.2849431099530133,0.5312751074679006,0.20805392245660684,61.666666666666664,2,True,55–64,False,0.4941576195232105,12.310594635094203,True
KH00105445,12,46,Nữ,Chuyên viên nghiên cứu xã hội,Khoa học và nghiên cứu,Quảng Ninh,62.083333333333336,48.7,0,78.16666666666667,0.693025,0.276725,2.0814425051191017,0.5068860759491088,0.16555598762359905,304.5,1,True,45–54,False,0.973399379211631,7.109121974269371,False
KH00105485,12,80,Nữ,Chuyên viên sinh lý vận động,Y tế và chăm sóc sức khỏe,Lâm Đồng,61.775,47.7,0,76.56666666666668,0.8314833333333334,0.290875,1.7611505863925456,0.5161116171476782,0.18474564140220784,122.25,4,True,65+,False,6.137015848567881,11.83386617845482,True
KH00105490,12,33,Nữ,Kiểm lâm,Nông nghiệp và môi trường,Thành phố Hồ Chí Minh,69.89999999999999,59.8,0,81.39999999999999,0.601875,0.11758333333333333,1.3183030837142538,0.4460616048662478,0.2650294367993797,121.58333333333333,1,True,25–34,False,0.12431354069302292,14.377001768417564,False
KH00105525,12,34,Nữ,Nhà khảo cổ học,Khoa học và nghiên cứu,Thanh Hóa,61.50833333333333,47.2,0,77.04166666666667,0.8499,0.2551333333333333,1.7130683604886972,0.5297071880622528,0.15819067921852611,183.08333333333334,4,True,25–34,False,0.8315032826788354,6.858459235927358,False
KH00105530,12,35,Nữ,Quản lý công ty du lịch,Kinh doanh và dịch vụ,Hưng Yên,71.76666666666667,55.2,0,76.25,0.5604,0.11444166666666666,1.5651625859843596,0.5825883878630157,0.1669652169302186,122.66666666666667,1,True,35–44,False,0.31783809458841483,4.888440850027413,False
KH00105570,12,57,Nam,Kỹ sư hóa học,Kỹ thuật và xây dựng,Cần Thơ,69.18333333333334,47.4,0,72.35833333333333,0.6895416666666666,0.161725,1.31361541052024,0.4896150497859924,0.18130776591984954,61.666666666666664,2,True,55–64,False,1.365394907057316,11.919160264722201,True
KH00105605,12,45,Nữ,Nhà khoa học biển,Khoa học và nghiên cứu,Cần Thơ,68.64999999999999,57.2,0,82.075,0.5668666666666667,0.16949999999999998,1.4914655522761004,0.44320438500525966,0.24196605379392666,303.9166666666667,0,True,45–54,False,0.6516689293463187,10.645133208741683,False
KH00105610,12,56,Nam,Nghệ sĩ,"Truyền thông, nghệ thuật và thiết kế",Hà Nội,65.70833333333333,42.1,0,75.86666666666666,0.8511833333333333,0.2621833333333333,1.2385918782696788,0.49071598872579253,0.23360742547082358,61.5,2,True,55–64,False,0.9366930340509003,9.989635197562341,True
KH00105645,12,26,Nữ,Giảng viên công nghệ thông tin,Công nghệ thông tin,Quảng Ninh,66.28333333333333,49.4,0,79.53333333333333,0.62745,0.22549166666666667,1.8917543332273794,0.5175425237343427,0.1941592811572116,243.5,2,True,25–34,False,5.683993662302154,4.4711896296933205,True
KH00105650,12,69,Nam,Nhân viên giao dịch,Tài chính và pháp lý,Phú Thọ,56.083333333333336,35.0,1,77.35833333333333,1.0102833333333334,0.204075,1.338387077923717,0.5302169167086694,0.20110670366512098,122.41666666666667,4,True,65+,False,0.3857135037688509,7.242347087417212,False
KH00105685,12,23,Nam,Kỹ sư vật liệu,Kỹ thuật và xây dựng,Phú Thọ,69.35833333333333,59.7,0,80.28333333333333,0.5329916666666666,0.11853333333333334,2.10806355944233,0.45598839295225263,0.20763915137028532,303.6666666666667,0,True,<25,False,2.6030533582455044,7.4135069495620085,False
KH00105690,12,80,Nữ,Chuyên viên khảo sát khoáng sản,Kỹ thuật và xây dựng,Lâm Đồng,61.50833333333333,49.6,0,78.54166666666667,0.8923083333333333,0.22911666666666666,1.6085844139911656,0.5098528858121424,0.1918474201079422,183.58333333333334,3,True,65+,False,1.5268339327421776,8.408484117194853,False
KH00105725,12,53,Nam,Luật sư sáng chế,Tài chính và pháp lý,Nghệ An,71.52499999999999,48.2,0,73.64999999999999,0.637325,0.13983333333333334,1.4967878886047545,0.5371736269026471,0.21168105195130496,61.916666666666664,2,True,45–54,False,14.00946440094644,13.819974725747471,True
KH00105730,12,42,Nam,Chuyên viên giám định tổn thất công chứng,Tài chính và pháp lý,Hà Nội,70.10833333333333,57.6,0,78.96666666666667,0.5960333333333333,0.15493333333333334,0.9679772757790571,0.3728416881342935,0.18667963514322827,243.5,0,True,35–44,False,21.97242477579415,9.830832844410917,False
KH00105765,12,36,Nữ,Kỹ thuật viên phòng thí nghiệm,Khoa học và nghiên cứu,Thanh Hóa,62.11666666666667,43.1,0,78.56666666666666,0.9545416666666666,0.2629333333333333,1.7852613554939711,0.5306487911158134,0.2148538257492,122.25,3,True,35–44,False,0.2737089408768212,16.10360255093706,True
KH00105805,12,40,Nam,Trợ lý phát thanh,"Truyền thông, nghệ thuật và thiết kế",Tuyên Quang,63.18333333333334,51.8,0,78.48333333333333,0.8029666666666667,0.271725,0.9552535139072348,0.38175350116716594,0.17993088012318115,182.83333333333334,1,True,35–44,False,20.46491476014132,9.367897117003363,False
KH00105810,12,39,Nam,Nhà thiết kế nội thất,"Truyền thông, nghệ thuật và thiết kế",Tây Ninh,64.23333333333333,48.7,0,75.05,0.8386583333333334,0.1787,1.6499387810333859,0.5122959960819585,0.23732389309412907,61.666666666666664,3,True,35–44,False,0.9828450519055084,13.621258223759083,True
KH00105845,12,65,Nữ,Nhà văn khoa học,Khoa học và nghiên cứu,Hà Nội,61.48333333333333,20.7,1,72.43333333333334,0.898075,0.19926666666666668,1.3326929292204424,0.4998246447131651,0.17796045091852974,61.583333333333336,3,True,65+,False,5.373377251294824,10.807201109729931,True
KH00105850,12,51,Nữ,Kỹ thuật viên y tế,Y tế và chăm sóc sức khỏe,Đồng Tháp,63.43333333333334,46.2,0,75.52499999999999,0.7924416666666666,0.26987500000000003,1.3776045206341276,0.5211168262564196,0.2454567840102445,61.666666666666664,3,True,45–54,False,0.329524410842899,8.961355329833594,True
KH00105885,12,55,Nữ,Chuyên viên thẩm định bảo hiểm,Tài chính và pháp lý,Tuyên Quang,68.51666666666667,53.6,0,78.10833333333333,0.6717583333333333,0.153925,1.4484925123442585,0.5613810500544866,0.18044024194383948,182.5,2,True,55–64,False,3.854484877043963,5.764094073722337,True
KH00105890,12,37,Nam,Kỹ sư phát thanh truyền hình,Kỹ thuật và xây dựng,Cần Thơ,74.06666666666666,62.1,0,72.31666666666666,0.5302416666666666,0.10561666666666665,0.8006418283137515,0.42667859760066834,0.18823522757066133,61.25,0,True,35–44,False,16.06099284704673,8.650361930869062,False
KH00105925,12,33,Nam,Giám đốc chiến lược,Kinh doanh và dịch vụ,Vĩnh Long,73.2,59.0,0,83.21666666666667,0.39809999999999995,0.14743333333333333,1.8839138289454016,0.5384249081087703,0.2683842525909838,243.58333333333334,0,True,25–34,False,0.2414798827849712,11.174858542280134,False
KH00105930,12,28,Nam,Cán bộ thủy sản,Nông nghiệp và môi trường,An Giang,63.050000000000004,54.0,0,78.175,0.8563666666666667,0.23413333333333333,0.9414319584122017,0.3867666497854439,0.17534144586178424,182.75,2,True,25–34,False,21.387716739662483,8.664481363970241,False
KH00105970,12,79,Nữ,Kỹ sư vật liệu,Kỹ thuật và xây dựng,Đồng Nai,72.00833333333334,50.4,0,72.74166666666666,0.5767166666666667,0.12710000000000002,1.39430660943039,0.5405163475628509,0.18872159088269216,61.833333333333336,1,True,65+,False,0.96242562064185,12.583073822753613,True
KH00106005,12,17,Nam,Chuyên viên khảo sát bất động sản,Kỹ thuật và xây dựng,Thành phố Hồ Chí Minh,66.325,51.1,0,82.91666666666667,0.693275,0.153425,1.3858384209788939,0.24785520805057348,0.25892041437389485,303.5833333333333,2,True,<25,False,4.0918320744669865,9.806108871689856,True
KH00106010,12,81,Nữ,Kỹ thuật viên kế toán,Tài chính và pháp lý,Đồng Nai,68.40833333333333,37.8,1,75.60833333333333,0.6161,0.12578333333333333,1.48985133593592,0.48410842228325257,0.22672577708999841,61.833333333333336,1,True,65+,False,5.5191350193657405,13.794608803978889,True
KH00106045,12,57,Nam,Kỹ sư kết cấu,Kỹ thuật và xây dựng,Lào Cai,67.55833333333334,47.2,0,73.35000000000001,0.7120666666666667,0.2157083333333333,1.3181279879395,0.5823542754127007,0.2011147681046084,61.5,1,True,55–64,False,0.4511916575805459,14.332909415156195,True
KH00106050,12,52,Nam,Kỹ sư viễn thông,Kỹ thuật và xây dựng,Gia Lai,68.54166666666667,49.3,0,72.89999999999999,0.6744499999999999,0.19974999999999998,1.308087346723644,0.5442917263523922,0.18545987416337703,61.833333333333336,2,True,45–54,False,2.8138332545206186,6.231351434815451,True
KH00106090,12,43,Nữ,Giáo viên tiếng anh,Giáo dục,Cần Thơ,65.55833333333334,54.5,0,80.39166666666667,0.6684166666666668,0.19828333333333334,1.458075568102011,0.4202296005765809,0.2490987235963713,122.41666666666667,1,True,35–44,False,4.617674549468996,10.585302841719242,False
KH00106125,12,48,Nữ,Giáo viên mầm non,Giáo dục,Quảng Trị,57.449999999999996,45.6,0,80.38333333333334,0.8377666666666667,0.3326,2.1401698228731516,0.5149258600732481,0.20844549267647583,304.0833333333333,1,True,45–54,True,1.1580312113146027,7.102604533373275,False
KH00106165,12,68,Nữ,Nhà báo tạp chí,"Truyền thông, nghệ thuật và thiết kế",Thành phố Hồ Chí Minh,68.59166666666667,32.2,1,71.71666666666667,0.6434083333333334,0.17680833333333335,1.347338633858617,0.5483195434651174,0.1549854407768297,62.0,1,True,65+,False,3.9234546806719077,9.365492529240754,True
KH00106170,12,21,Nam,Kế toán công tài chính công,Tài chính và pháp lý,Hải Phòng,65.63333333333334,49.5,0,80.14999999999999,0.6543583333333333,0.174575,2.4201124437416444,0.4611584547908729,0.20351871031914626,363.6666666666667,1,True,<25,False,4.075820965732011,8.602870793360875,False
KH00106245,12,36,Nam,Bác sĩ đo mắt,Y tế và chăm sóc sức khỏe,Nghệ An,72.86666666666666,59.7,0,80.81666666666666,0.43517500000000003,0.12319166666666666,1.7918996043651358,0.4953954566939555,0.2568412922465011,122.41666666666667,0,True,35–44,False,1.357829816058871,10.936014339577751,False
KH00106250,12,64,Nữ,Luật sư tranh tụng,Tài chính và pháp lý,Phú Thọ,74.54166666666667,62.4,0,78.10833333333333,0.39543333333333336,0.13641666666666666,1.8377489347435028,0.5346714861876004,0.17369071726497054,243.0,0,True,55–64,False,6.367244648766962,7.459489195142735,True
KH00106290,12,54,Nam,Nhà thiết kế trang sức,"Truyền thông, nghệ thuật và thiết kế",Ninh Bình,64.02499999999999,51.6,0,79.28333333333333,0.7532333333333333,0.22585833333333336,1.5322518667343168,0.550984942458927,0.21100456615890995,182.75,2,True,45–54,False,0.34456115438427964,10.335099325671909,False
KH00106325,12,58,Nam,Nhà tâm lý học lâm sàng,Y tế và chăm sóc sức khỏe,Hưng Yên,68.15833333333333,51.8,0,80.05,0.7020333333333334,0.157125,1.417944822887943,0.5534031732470123,0.21500914562848905,183.33333333333334,2,True,55–64,False,2.4074347623378003,8.320802424399092,False
KH00106365,12,87,Nam,Chuyên viên trang điểm,"Truyền thông, nghệ thuật và thiết kế",Thành phố Hồ Chí Minh,65.33333333333333,50.1,0,79.39999999999999,0.7037416666666667,0.21071666666666666,1.5211021680760315,0.5128315096319964,0.20243695995997937,183.0,1,True,65+,False,2.66168417547463,9.011645543530264,False
KH00106405,12,37,Nam,Bác sĩ ung bướu,Y tế và chăm sóc sức khỏe,Cà Mau,73.30833333333332,56.9,0,72.825,0.5436833333333333,0.12905,0.760960385089331,0.4067614952190821,0.19725520819796108,61.5,1,True,35–44,False,12.23472153633188,8.879941559213767,False
KH00106410,12,44,Nữ,Chuyên viên giám định tổn thất công chứng,Tài chính và pháp lý,Đồng Tháp,67.325,55.5,0,83.05,0.7002333333333333,0.14666666666666667,1.376559310080413,0.4551851769504185,0.2615677113294283,364.5,1,True,35–44,False,1.6640741548049116,10.875155114980357,False
KH00106445,12,73,Nữ,Nhân viên cứu trợ quốc tế,Khu vực công và cộng đồng,Đà Nẵng,62.71666666666667,50.2,0,71.875,0.881825,0.24632500000000002,1.2263835890127857,0.5784883200045904,0.17248581289990353,61.083333333333336,5,True,65+,False,0.530911207337125,7.900222009935433,True
KH00106450,12,55,Nam,Chuyên viên thu mua bán lẻ,Kinh doanh và dịch vụ,Hưng Yên,65.22500000000001,52.4,0,77.26666666666667,0.735125,0.16679166666666667,1.8469330272840976,0.46430877255890385,0.16184506661494955,182.58333333333334,2,True,55–64,False,4.1885222378504485,5.766433552698342,True
KH00106485,12,36,Nữ,Chuyên viên nghiên cứu chính trị,Khoa học và nghiên cứu,Gia Lai,64.03333333333333,52.8,0,79.0,0.7750833333333333,0.18538333333333334,1.7543810019160537,0.5405319622261346,0.17976449645193057,365.0833333333333,3,True,35–44,False,1.285001240208244,6.099676714432006,False
KH00106525,12,50,Nam,Nghệ nhân thổi thủy tinh,"Truyền thông, nghệ thuật và thiết kế",Thành phố Hồ Chí Minh,65.65833333333333,51.4,0,72.175,0.7925583333333334,0.21835833333333332,0.8628953766543078,0.38384587780346485,0.18072389409336487,61.833333333333336,3,True,45–54,False,15.50896311397166,10.810487578477995,False
KH00106530,12,72,Nam,Tiếp viên hàng không,Kinh doanh và dịch vụ,Đồng Nai,64.31666666666666,46.9,0,74.34166666666667,0.863025,0.18758333333333335,1.9196144817899568,0.47583163208711077,0.13584698747989019,121.91666666666667,3,True,65+,False,14.351778420676029,5.704410184714029,True
KH00106565,12,21,Nam,Nhà giao dịch hợp đồng tương lai,Tài chính và pháp lý,Gia Lai,66.55833333333334,53.0,0,80.05,0.61205,0.14051666666666668,2.559576325170671,0.4321167631087903,0.20185724913279113,305.0833333333333,1,True,<25,False,6.84982709872351,7.55992640434644,True
KH00106570,12,16,Nữ,Giảng viên đại học,Giáo dục,Thành phố Hồ Chí Minh,72.56666666666666,51.0,0,77.55833333333334,0.43851666666666667,0.16128333333333333,1.0300685494508302,0.25195200834108317,0.27358538744430316,61.666666666666664,1,True,<25,False,0.17428557246833254,9.985172093894692,False
KH00106605,12,89,Nữ,Chuyên viên chăm sóc bàn chân,Y tế và chăm sóc sức khỏe,Hải Phòng,67.8,59.0,0,79.84166666666667,0.63095,0.14135833333333334,1.6329280844818779,0.46741428934676815,0.20967686745468292,182.58333333333334,1,True,65+,False,2.704102381447392,7.8646750806234555,False
KH00106610,12,63,Nam,Nhà địa chất công trình,Khoa học và nghiên cứu,Thành phố Hồ Chí Minh,70.11666666666666,58.6,0,78.2,0.572775,0.13709166666666667,1.69973002121229,0.509335828487855,0.2138740821437826,122.16666666666667,0,True,55–64,False,5.212557010597872,11.363292411129626,True
KH00106645,12,46,Nam,Nhà độc chất học,Khoa học và nghiên cứu,Bắc Ninh,68.08333333333333,55.9,0,78.075,0.7144750000000001,0.163475,0.9569664430378132,0.39674558149553807,0.16492615694408774,243.08333333333334,1,True,45–54,False,21.992063826611815,7.517547647231054,False
KH00106650,12,29,Nữ,Quản lý công viên giải trí,Kinh doanh và dịch vụ,Thành phố Hồ Chí Minh,69.85833333333333,52.2,0,80.41666666666667,0.6054166666666666,0.12169166666666666,1.421481498253212,0.4559104740102806,0.2220972505951091,182.58333333333334,1,True,25–34,False,3.18177873181297,12.467557914039677,True
KH00106685,12,35,Nam,Quản lý hoạt động ngoài trời,Kinh doanh và dịch vụ,Cần Thơ,72.575,58.1,0,78.25,0.5565333333333333,0.12689166666666665,0.8930402549462809,0.3937622421625397,0.2016480504584155,122.16666666666667,1,True,35–44,False,17.303439098813868,9.808400440498314,False
KH00106690,12,90,Nữ,Nhà thiết kế dệt may,"Truyền thông, nghệ thuật và thiết kế",Lào Cai,66.31666666666666,52.3,0,74.675,0.7898999999999999,0.21594166666666667,1.1798146646135426,0.5535473203455507,0.22196125083327958,61.25,2,True,65+,False,0.41674619296260446,10.707590898556257,True
KH00106725,12,65,Nam,Thủ thư học thuật,Giáo dục,Đắk Lắk,63.86666666666667,49.7,0,78.80833333333334,0.7897416666666667,0.22283333333333333,1.5735048311306148,0.5351213254082353,0.18641653957160942,243.25,2,True,65+,False,3.3398710504610927,8.601114124376819,False
KH00106730,12,67,Nam,Chuyên viên phôi học lâm sàng,Y tế và chăm sóc sức khỏe,Tuyên Quang,69.325,51.7,0,71.73333333333333,0.6321333333333333,0.18300000000000002,1.2224309178784134,0.5553886139100026,0.16127103727749337,61.166666666666664,2,True,65+,False,0.5899217544525257,6.467724933947928,True
KH00106765,12,65,Nam,Người hướng dẫn học tập,Giáo dục,Thành phố Hồ Chí Minh,63.416666666666664,53.0,0,78.91666666666667,0.7416083333333333,0.2543916666666667,1.6242415180091874,0.49488043045154284,0.1922665592088855,182.91666666666666,1,True,65+,False,3.612701846697059,8.47029784701544,True
KH00106770,12,51,Nữ,Nhà di truyền tế bào học,Khoa học và nghiên cứu,Hà Nội,64.49166666666666,49.2,0,79.58333333333333,0.7229833333333334,0.2790416666666667,1.4130914681766429,0.5532690499719415,0.19698239011743224,242.91666666666666,1,True,45–54,False,0.5970508432283104,8.06749023304386,False
KH00106805,12,31,Nữ,Chuyên viên dựng phim,"Truyền thông, nghệ thuật và thiết kế",Đồng Tháp,66.28333333333333,52.9,0,80.175,0.6863083333333333,0.17808333333333334,1.805874842141997,0.5436153943875006,0.203472521766927,365.0833333333333,1,True,25–34,False,0.27877704386989255,7.033001480886678,False
KH00106810,12,43,Nam,Chuyên viên khảo sát khoáng sản,Kỹ thuật và xây dựng,Lào Cai,47.166666666666664,7.9,5,74.09166666666667,1.0324833333333332,0.3616,2.130698029145309,0.4478463264761045,0.2238494141130651,61.666666666666664,4,True,35–44,False,6.722992593626291,18.27897409376755,True
KH00106845,12,36,Nam,Nhà hóa sinh lâm sàng,Khoa học và nghiên cứu,Cà Mau,58.94166666666666,47.8,0,79.2,0.9448,0.3753166666666667,0.9155699514290424,0.38993778050216715,0.19449096733555446,182.41666666666666,3,True,35–44,False,18.744266066243167,10.661162350634564,False
KH00106850,12,53,Nam,Chuyên viên nghiên cứu chính trị,Khoa học và nghiên cứu,Đồng Nai,58.21666666666667,34.8,1,78.35833333333333,0.9571833333333334,0.37761666666666666,1.4705688145757196,0.4897463851089425,0.2846471169801607,61.833333333333336,3,True,45–54,False,0.26237585436951993,10.803323887393772,True
KH00106885,12,58,Nữ,Kỹ sư bảo trì,Kỹ thuật và xây dựng,Lâm Đồng,71.98333333333333,49.3,0,76.15,0.5347333333333334,0.151,1.5708597339927923,0.5160627435564763,0.16825321408853422,122.33333333333333,1,True,55–64,False,8.550055403222776,7.240371733713957,True
KH00106925,12,43,Nam,Nhà khoa học nghiên cứu khoa học tự nhiên,Khoa học và nghiên cứu,Đồng Nai,66.38333333333334,46.5,0,80.43333333333334,0.7169666666666666,0.214225,1.7972531808149317,0.5435009921333757,0.24971562640847825,122.25,2,True,35–44,False,0.28870065828280206,13.031828799282733,True
KH00106930,12,58,Nữ,Nhà khoa học nghiên cứu y học,Khoa học và nghiên cứu,Cà Mau,71.41666666666667,52.2,0,75.43333333333332,0.6225833333333334,0.139675,1.375161613726447,0.5719625138100195,0.15566061936880213,121.83333333333333,1,True,55–64,False,3.1071062791017297,7.440979575441853,True
KH00106965,12,61,Nam,Sĩ quan huấn luyện quân đội,Khu vực công và cộng đồng,Phú Thọ,62.46666666666667,52.3,0,79.58333333333333,0.9403916666666667,0.18596666666666664,1.725315108664167,0.5297226125573901,0.1946236208228442,243.25,4,True,55–64,False,4.442472707168033,6.946123269744805,True
KH00106970,12,70,Nữ,Chuyên viên ngân hàng đầu tư doanh nghiệp,Tài chính và pháp lý,Lâm Đồng,66.55833333333334,51.4,0,78.43333333333334,0.7007,0.147825,1.8986740409952496,0.4850463978640886,0.2063966222000495,122.08333333333333,2,True,65+,False,9.61594308390553,9.14948696615704,True
KH00107005,12,53,Nam,Kỹ sư vật liệu,Kỹ thuật và xây dựng,Tuyên Quang,73.86666666666666,51.8,0,74.30833333333334,0.48491666666666666,0.10585,1.3980856395214847,0.5438291844066433,0.21859263091621703,61.583333333333336,1,True,45–54,False,0.29452824685645373,9.633572451490911,False
KH00107010,12,82,Nam,Kỹ sư năng lượng,Kỹ thuật và xây dựng,Đắk Lắk,68.425,50.8,0,75.11666666666666,0.5765,0.2245,1.5605773887004906,0.5051603589898807,0.1426945421956498,121.75,1,True,65+,False,5.6104437181931255,4.729156677621347,True
KH00107045,12,57,Nam,Thư ký y khoa,Y tế và chăm sóc sức khỏe,Quảng Ninh,64.26666666666667,47.6,0,72.23333333333333,0.8060416666666667,0.23488333333333333,1.3343365804526737,0.4889549276037257,0.16375494527735437,61.583333333333336,3,True,55–64,False,0.29389681433015125,4.236450560058841,True
KH00107050,12,47,Nam,Chuyên viên nghiên cứu thị trường,Kinh doanh và dịch vụ,Khánh Hòa,63.43333333333334,33.3,1,76.65833333333333,0.9191666666666668,0.20724166666666666,1.4556105753568394,0.5330207206987871,0.25229474408133995,61.583333333333336,3,True,45–54,False,0.2575280529200222,14.041935437369466,True
KH00107085,12,49,Nữ,Nhà vật lý y tế,Y tế và chăm sóc sức khỏe,Lâm Đồng,64.3,47.9,0,82.98333333333333,0.7513166666666667,0.2227083333333333,1.7942648221951902,0.45036246879180947,0.2597673744122511,364.5,2,True,45–54,False,5.151371818032007,12.954568244215947,True
KH00107090,12,56,Nam,Chuyên viên quan hệ công chúng,"Truyền thông, nghệ thuật và thiết kế",Quảng Trị,63.00833333333333,45.9,0,74.60000000000001,0.8156,0.2502166666666667,1.331541068402736,0.5098698026223345,0.2246853592406017,61.083333333333336,2,True,55–64,False,0.7784108813271549,9.454300050614561,True
KH00107125,12,29,Nam,Chuyên viên quy hoạch giao thông,Kỹ thuật và xây dựng,Quảng Ngãi,64.73333333333333,49.6,0,78.45,0.8265333333333333,0.22799166666666668,0.9225856099360349,0.3817387629472088,0.20489815643798281,122.25,3,True,25–34,False,19.835748897419922,11.656577254065466,False
KH00107130,12,58,Nữ,Nhà khoa học y sinh,Khoa học và nghiên cứu,Thành phố Hồ Chí Minh,69.03333333333333,52.3,0,77.85833333333333,0.579425,0.15895833333333334,1.745642419401909,0.5209931312102283,0.20106480241817903,122.25,2,True,55–64,False,4.6926497941830485,9.927501775355733,True
KH00107165,12,22,Nam,Quản lý công ty du lịch,Kinh doanh và dịch vụ,Đồng Nai,66.58333333333333,58.8,0,81.19166666666666,0.5734166666666667,0.15540833333333334,2.330646264117694,0.452132138533566,0.22577862130234272,304.6666666666667,0,True,<25,False,1.663975923285357,9.293293665469292,True
KH00107170,12,62,Nữ,Nhà sản xuất phát thanh,"Truyền thông, nghệ thuật và thiết kế",Đà Nẵng,62.5,52.3,0,78.72500000000001,0.8368083333333334,0.21016666666666664,1.7220330359327718,0.5227265412403759,0.179911344883764,243.91666666666666,3,True,55–64,False,6.5895960544090775,5.378178923581464,False
KH00107205,12,26,Nam,Kỹ sư y sinh,Kỹ thuật và xây dựng,Lâm Đồng,68.81666666666666,53.1,0,80.7,0.5373249999999999,0.17775833333333332,2.2509532070999865,0.5110711367733368,0.2166247947314852,243.33333333333334,0,True,25–34,False,8.456946740804884,5.863669382834681,True
KH00107210,12,46,Nam,Cán bộ quản lý thị trường,Khu vực công và cộng đồng,Đồng Tháp,72.26666666666667,59.9,0,77.64999999999999,0.5346916666666667,0.15305,0.9136778272010716,0.4034874753588389,0.168631835504812,183.08333333333334,0,True,45–54,False,21.08052964232699,7.838260980007028,False
KH00107245,12,53,Nam,Phó giáo sư,Giáo dục,Sơn La,68.60833333333333,51.1,0,71.80833333333334,0.6140083333333334,0.21714999999999998,1.2875054154739534,0.5542190885090037,0.17905880305466285,61.166666666666664,1,True,45–54,False,1.9926169158287612,7.193081927759988,False
KH00107250,12,30,Nữ,Chuyên viên kinh doanh công nghệ thông tin,Công nghệ thông tin,Sơn La,61.083333333333336,44.7,0,81.11666666666666,0.8717916666666666,0.18045,1.9896362415026978,0.512528560869833,0.2270087263376098,243.83333333333334,3,True,25–34,True,0.8158543293173287,10.333915219603321,True
KH00107285,12,51,Nữ,Lập trình viên hệ thống,Công nghệ thông tin,Cao Bằng,66.24166666666666,52.2,0,77.39999999999999,0.6551,0.21472500000000003,1.5197030701085108,0.5331088529461021,0.21080226887897777,122.0,1,True,45–54,False,0.28083144225063755,7.527369741770959,False
KH00107290,12,19,Nữ,Người phụ trách bảo tàng,"Truyền thông, nghệ thuật và thiết kế",Thành phố Hồ Chí Minh,67.05833333333332,52.3,0,80.79166666666667,0.6094916666666667,0.136225,2.5498266882818648,0.4204174782028391,0.23311859699381957,183.5,0,True,<25,False,8.591046851855674,12.024499943639968,True
KH00107325,12,31,Nữ,Kỹ sư điện tử,Kỹ thuật và xây dựng,Nghệ An,67.50833333333334,51.2,0,79.19166666666666,0.57355,0.185075,2.1115570321789825,0.5171470688867834,0.18395887716406945,365.0,1,True,25–34,False,0.7108937082378017,5.270879054075079,False
KH00107330,12,16,Nữ,Giáo viên trung học,Giáo dục,Đồng Nai,65.00833333333334,51.9,0,81.6,0.6469833333333334,0.18084166666666668,2.22773509673773,0.4612199510136786,0.2325352084671589,305.3333333333333,1,True,<25,False,0.5304310926532685,13.496666979707966,False
KH00107365,12,55,Nam,Kỹ sư xây dựng tư vấn,Kỹ thuật và xây dựng,Thành phố Hồ Chí Minh,70.675,47.9,0,71.8,0.6043916666666667,0.19779999999999998,1.3674738445334318,0.5706767840984325,0.17399890380262104,61.166666666666664,2,True,55–64,False,4.230151257203264,5.711116814397369,True
KH00107405,12,30,Nam,Chuyên viên tư vấn tài chính,Tài chính và pháp lý,Vĩnh Long,67.825,50.0,0,75.25833333333334,0.7620999999999999,0.19465833333333335,0.8154879833249908,0.39958774089649013,0.2323892961038794,61.416666666666664,2,True,25–34,False,18.605686136672357,13.584570579871775,False
KH00107410,12,39,Nữ,Nhà thầu,Kỹ thuật và xây dựng,Thành phố Hồ Chí Minh,65.51666666666667,55.8,0,82.84166666666667,0.7696166666666667,0.17141666666666666,1.276709810833785,0.45775205790983536,0.25685562408108326,363.8333333333333,1,True,35–44,False,0.23949370159030928,12.048875887545778,False
KH00107445,12,28,Nữ,Kỹ sư vật liệu,Kỹ thuật và xây dựng,Hải Phòng,72.5,50.8,0,70.91666666666667,0.5193416666666667,0.15033333333333335,1.3085593558930162,0.5640765531602935,0.14801204509365753,60.916666666666664,0,True,25–34,False,0.28705336794752384,4.32254612472999,False
KH00107450,12,37,Nữ,Kỹ sư y sinh,Kỹ thuật và xây dựng,Ninh Bình,67.53333333333333,56.0,0,82.38333333333334,0.59795,0.17986666666666665,1.7293614043381649,0.4297275457156224,0.25001617360729284,243.5,1,True,35–44,False,4.701811362488162,10.222806615618477,True
KH00107485,12,91,Nam,Chuyên viên thu mua công nghiệp,Kinh doanh và dịch vụ,Hưng Yên,67.29166666666667,49.3,0,72.5,0.7016083333333333,0.20579999999999998,1.1934717597990832,0.5104228564272504,0.169132538348534,61.333333333333336,2,True,65+,False,0.3501672763032435,6.5981116216332945,False
KH00107490,12,52,Nam,Nhà tâm lý học tư vấn,Y tế và chăm sóc sức khỏe,Thái Nguyên,67.72500000000001,50.7,0,72.64999999999999,0.7396916666666667,0.166375,1.351345002648926,0.558552896696633,0.18450435822909317,61.25,2,True,45–54,False,4.061990459633864,11.048985008236954,True
KH00107525,12,26,Nữ,Chuyên viên trưng bày sản phẩm,Kinh doanh và dịch vụ,Thái Nguyên,65.80833333333334,50.2,0,76.93333333333334,0.7961583333333334,0.15948333333333334,1.804369027765108,0.5128641453480222,0.1826198922411629,122.5,3,True,25–34,False,2.11372467989522,8.005874419834386,True
KH00107530,12,45,Nam,Giảng viên công nghệ thông tin,Công nghệ thông tin,Đồng Tháp,74.55833333333334,57.0,0,73.925,0.492825,0.11118333333333334,0.8832811856110996,0.40670548517360056,0.19709585457866788,61.416666666666664,0,True,45–54,False,14.528025750521978,11.407537256210924,False
KH00107565,12,56,Nam,Quản lý tổng đài,Kinh doanh và dịch vụ,Nghệ An,60.56666666666666,12.6,2,71.23333333333333,0.9484583333333333,0.2664083333333333,1.4226842483917583,0.49786741975028703,0.1629324062370362,61.083333333333336,3,True,55–64,False,14.558324878563436,9.999608988329332,True
KH00107570,12,63,Nữ,Quản lý sản xuất,Kinh doanh và dịch vụ,Thanh Hóa,68.27499999999999,51.2,0,72.54166666666667,0.6564583333333333,0.15874166666666667,1.4957501504839732,0.4832144856850056,0.18053397902141324,61.5,2,True,55–64,False,4.918040518711193,5.06613591289727,True
KH00107605,12,54,Nam,Biên tập viên chuyên đề tạp chí,"Truyền thông, nghệ thuật và thiết kế",Thành phố Hồ Chí Minh,63.69166666666667,45.1,0,78.7,0.77725,0.21125833333333333,2.103863517168319,0.49115829999065647,0.18417333393402988,243.41666666666666,1,True,45–54,False,12.12297814495052,6.469127011740718,True
KH00107610,12,59,Nữ,Cán bộ giáo dục bảo tàng,Giáo dục,Khánh Hòa,58.36666666666667,38.5,2,74.6,0.9525666666666667,0.26948333333333335,1.4553699164391884,0.4694883835506489,0.2379680221956588,61.75,3,True,55–64,False,1.1734007071208687,10.289858776124207,True
KH00107645,12,42,Nữ,Chuyên viên trắc địa,Kỹ thuật và xây dựng,Đồng Tháp,64.65833333333333,52.3,0,74.72500000000001,0.6982916666666666,0.23771666666666666,1.6811000543033316,0.5712668300995152,0.1452446042848819,121.66666666666667,0,True,35–44,False,0.20642933278936737,2.6069185190718485,True
KH00107650,12,35,Nữ,Kỹ sư kết cấu,Kỹ thuật và xây dựng,Đồng Nai,72.05,61.3,0,82.18333333333334,0.5049750000000001,0.10965833333333334,1.404175093794355,0.44243952341245635,0.24384806238038825,365.0,0,True,35–44,False,1.8016390150375057,9.47886639477502,False
KH00107685,12,50,Nữ,Chuyên viên cây xanh cảnh quan,Nông nghiệp và môi trường,Đà Nẵng,61.541666666666664,51.8,0,79.06666666666666,0.791125,0.23034999999999997,2.0169630840076547,0.5099631753922503,0.18389345497855983,243.16666666666666,2,True,45–54,False,0.726260112244264,6.5803717502913415,True
KH00107690,12,57,Nam,Nhà văn khoa học,Khoa học và nghiên cứu,Thanh Hóa,64.75833333333334,46.9,0,75.925,0.792875,0.17505,2.317262123680657,0.4658397329126864,0.17242938866702492,122.08333333333333,2,True,55–64,False,18.143953604540055,9.992206623955097,True
KH00107725,12,22,Nam,Thủ thư thư viện công cộng,Giáo dục,An Giang,62.34166666666667,49.7,0,82.35000000000001,0.7300916666666667,0.20126666666666668,2.349604855038629,0.4213126223645158,0.26014752636994115,182.83333333333334,1,True,<25,True,4.3995848720902915,11.021758989868713,True
KH00107730,12,36,Nữ,Chuyên viên nắn chỉnh xương,Y tế và chăm sóc sức khỏe,Thành phố Hồ Chí Minh,67.96666666666667,55.0,0,80.72500000000001,0.626425,0.131475,1.6646519355001272,0.4399051865902432,0.21498221511227178,304.25,1,True,35–44,False,4.705577160012687,8.798997494337733,False
KH00107765,12,26,Nam,Cán bộ hành chính địa phương,Khu vực công và cộng đồng,Cà Mau,61.4,45.9,0,79.19166666666666,1.0063833333333334,0.19761666666666666,0.9522088770615981,0.38414429143751777,0.22127819320310338,122.41666666666667,4,True,25–34,False,20.641946198516532,12.792176769346389,False
KH00107770,12,46,Nam,Chuyên viên công nghệ dệt may,Kỹ thuật và xây dựng,Sơn La,68.63333333333334,57.1,0,79.25,0.7066916666666666,0.14985,0.9154632442587277,0.39543309400751636,0.19849338646555506,183.0,1,True,45–54,False,19.76782619225953,9.204142056967504,False
KH00107805,12,23,Nữ,Giáo viên mầm non,Giáo dục,Cần Thơ,63.25833333333333,55.1,0,84.18333333333332,0.82705,0.16415,1.038230251111454,0.25580140993047334,0.2873374710383955,243.58333333333334,1,True,<25,True,0.24779766722960403,10.862455384018741,False
KH00107845,12,36,Nam,Phóng viên ảnh,"Truyền thông, nghệ thuật và thiết kế",Sơn La,65.375,52.7,0,81.625,0.657525,0.15805,2.2241934951651676,0.4787929215990819,0.23316034435131316,304.4166666666667,1,True,35–44,False,1.5574827661375097,11.77670915247948,False
KH00107850,12,48,Nữ,Nhân viên cứu trợ quốc tế,Khu vực công và cộng đồng,Lâm Đồng,57.5,50.5,0,78.55,0.8414,0.32675000000000004,2.1766104571760256,0.5061032883489694,0.17143033580427466,305.0,1,True,45–54,False,3.945815187648515,4.631521527927568,False
KH00107885,12,45,Nữ,Nhà khoa học thính học,Y tế và chăm sóc sức khỏe,Thành phố Hồ Chí Minh,72.7,61.9,0,82.45833333333333,0.4694416666666667,0.12708333333333333,1.380299540012043,0.4416156254896677,0.24944241272149334,364.3333333333333,0,True,45–54,False,1.1669280498449441,11.595356537130773,False
KH00107925,12,33,Nam,Nhà thiết kế bối cảnh,"Truyền thông, nghệ thuật và thiết kế",Hà Tĩnh,61.86666666666667,44.6,0,79.96666666666667,0.7602333333333333,0.29759166666666664,1.9135805737387812,0.5188387205828923,0.21415962218867365,182.41666666666666,2,True,25–34,False,4.8701800448819155,8.614864070612375,True
KH00107930,12,85,Nữ,Quản lý thu mua,Kinh doanh và dịch vụ,Tây Ninh,65.69166666666666,51.9,0,76.58333333333333,0.7221583333333333,0.16048333333333334,1.742200573465895,0.45232543404724757,0.2501823212835941,61.5,3,True,65+,False,0.4340385539562701,9.426686783187117,True
KH00107965,12,85,Nam,Thư ký luật sư tranh tụng,Tài chính và pháp lý,Hải Phòng,71.39999999999999,47.9,0,77.10000000000001,0.5380333333333334,0.13538333333333333,1.8424659623878092,0.45523202054011497,0.18529466112610934,122.33333333333333,1,True,65+,False,14.269771163362819,6.77903852614136,True
KH00107970,12,61,Nữ,Chuyên viên trang điểm,"Truyền thông, nghệ thuật và thiết kế",Quảng Trị,61.53333333333333,52.7,0,81.19166666666666,0.887375,0.19691666666666666,1.5800748844074894,0.5298161461588373,0.22820758819554263,243.5,3,True,55–64,True,0.7522452267847718,11.394490105215999,False
KH00108005,12,56,Nam,Giáo viên tiếng anh,Giáo dục,Hà Tĩnh,61.925000000000004,42.3,0,70.575,0.9266916666666667,0.23795833333333336,1.4321177727009147,0.5260255689233162,0.148254292371552,61.583333333333336,3,True,55–64,False,1.9945822207837742,7.806305121773606,True
KH00108010,12,63,Nam,Quản lý trường quay,"Truyền thông, nghệ thuật và thiết kế",Hưng Yên,65.4,46.6,0,72.48333333333333,0.6707333333333333,0.2586583333333333,1.459478278152468,0.4867426075066508,0.18305561859069697,60.75,2,True,55–64,False,5.453750774427348,8.333432346875556,True
KH00108045,12,27,Nam,Nhà khoa học nghiên cứu toán học,Khoa học và nghiên cứu,Đồng Tháp,70.68333333333334,60.5,0,81.40833333333333,0.5058666666666667,0.11852499999999999,2.208195274637256,0.49243886281219984,0.22844297532603478,304.5,0,True,25–34,False,0.6698168534574702,8.137801147134917,False
KH00108050,12,32,Nữ,Người quay phim,"Truyền thông, nghệ thuật và thiết kế",Đồng Nai,64.125,48.2,0,79.63333333333334,0.653975,0.23586666666666667,2.021117300466944,0.5041321155184079,0.1934702108836954,364.5833333333333,1,True,25–34,False,0.9375750769110563,6.546122178530857,False
KH00108085,12,47,Nam,Nhân viên tư vấn hỗ trợ,Khu vực công và cộng đồng,Điện Biên,60.0,47.2,0,81.175,0.9348666666666667,0.2292,2.395890363747703,0.5071961316571075,0.22523411672231464,242.41666666666666,5,True,45–54,True,8.556326322060407,8.634597920938546,True
KH00108090,12,68,Nữ,Chuyên viên xử lý bồi thường bảo hiểm,Tài chính và pháp lý,An Giang,66.77499999999999,48.9,0,76.14999999999999,0.7073833333333334,0.20062499999999997,1.2934870187201315,0.516056615273654,0.16650832253089196,122.08333333333333,2,True,65+,False,4.225801797155373,5.746879932495936,False
KH00108125,12,27,Nam,Chuyên viên phục chế đồ gỗ,"Truyền thông, nghệ thuật và thiết kế",Vĩnh Long,65.78333333333333,54.4,0,77.46666666666667,0.621175,0.20080833333333334,1.9843320152789143,0.48294724645572934,0.18750041909891815,121.83333333333333,1,True,25–34,False,2.861714895319376,1.7336978263768503,False
KH00108130,12,63,Nam,Nhà khoa học y sinh,Khoa học và nghiên cứu,Hải Phòng,75.18333333333334,62.3,0,73.375,0.47300000000000003,0.10459166666666665,1.1320534702816172,0.5423131869211348,0.18554046064907057,61.5,0,True,55–64,False,0.3561453596861372,10.204072841805642,False
KH00108165,12,27,Nữ,Kỹ sư hệ thống sản xuất,Kỹ thuật và xây dựng,Cần Thơ,68.53333333333333,54.6,0,80.11666666666666,0.5865,0.121075,1.5955954602763114,0.3871555703721754,0.24177044388635174,122.66666666666667,1,True,25–34,False,1.1098702128793807,10.30252408344158,False
KH00108170,12,50,Nữ,Thủ thư thư viện công cộng,Giáo dục,Điện Biên,59.324999999999996,47.2,0,82.48333333333333,0.9146666666666666,0.30512500000000004,1.3099855565108374,0.4614063558666602,0.25053414100997934,304.1666666666667,3,True,45–54,True,1.1188720063398871,11.71868639681795,False
KH00108205,12,35,Nam,Quản lý di sản,"Truyền thông, nghệ thuật và thiết kế",An Giang,68.22500000000001,53.3,0,81.35833333333333,0.5724916666666667,0.137425,2.1131219664940817,0.48766659714896293,0.228245261552019,243.41666666666666,1,True,35–44,False,3.455993741160366,7.385220032940568,False
KH00108210,12,25,Nam,Chuyên viên trắc địa,Kỹ thuật và xây dựng,Thành phố Hồ Chí Minh,59.40833333333333,26.5,2,77.66666666666667,0.83825,0.31131666666666663,2.116992083957061,0.39507919710093714,0.29648272696662625,61.5,4,True,25–34,False,0.42883534828513725,21.780464380182956,True
KH00108245,12,50,Nam,Chuyên viên biên tập nội dung,"Truyền thông, nghệ thuật và thiết kế",Thành phố Hồ Chí Minh,63.574999999999996,25.7,1,73.25,0.9011583333333334,0.27735,1.8194584934513687,0.4848580701420216,0.19058428181707068,61.166666666666664,4,True,45–54,False,27.637376659262138,10.308199416940408,True
KH00108250,12,88,Nữ,Chuyên viên giám định rủi ro bảo hiểm,Tài chính và pháp lý,Cao Bằng,62.50833333333333,44.1,0,77.21666666666667,0.9153416666666666,0.2839083333333334,1.507610600313584,0.5779278692003239,0.19097745460521698,122.58333333333333,3,True,65+,False,5.5221436389849,5.415951149665655,True
KH00108285,12,94,Nam,Quản lý cơ sở vật chất,Kinh doanh và dịch vụ,Vĩnh Long,71.08333333333333,58.0,0,77.93333333333334,0.560825,0.13939166666666666,1.6852355488940862,0.5614630264493092,0.16388200327670907,243.66666666666666,0,True,65+,False,5.411234088385566,7.007711764398159,True
KH00108290,12,71,Nam,Nhà chọn giống cây trồng,Nông nghiệp và môi trường,Hà Nội,65.02499999999999,45.9,0,77.01666666666667,0.7976333333333333,0.19799166666666668,1.8444187350130097,0.46604984848919156,0.17906406746446235,122.16666666666667,3,True,65+,False,14.623524491981996,8.36442211797732,True
KH00108325,12,44,Nữ,Công chức hành chính,Khu vực công và cộng đồng,Phú Thọ,65.48333333333333,51.1,0,78.00833333333334,0.8227416666666666,0.17875833333333335,1.3333507399749556,0.43741080043413877,0.2867138311993804,61.583333333333336,3,True,35–44,False,0.15189445463627724,14.435993026718952,True
KH00108330,12,66,Nam,Nhà địa chất công trình,Khoa học và nghiên cứu,Lào Cai,64.19166666666666,48.3,0,74.05,0.833025,0.24205,1.3470111009156016,0.5455400920278102,0.2066392627506092,61.416666666666664,3,True,65+,False,0.24321245036543743,10.087211628657158,True
KH00108365,12,15,Nam,Quản lý cơ sở vật chất,Kinh doanh và dịch vụ,Đồng Nai,66.29166666666667,52.8,0,83.52499999999999,0.6736749999999999,0.19862500000000002,0.9990211528847418,0.2525393415086175,0.2731231152093457,243.5,1,True,<25,False,0.7533740416436528,10.074369676541824,False
KH00108370,12,29,Nam,Chuyên viên trị liệu nghề nghiệp,Y tế và chăm sóc sức khỏe,Bắc Ninh,61.14166666666667,18.4,1,73.93333333333334,0.816275,0.23464166666666667,1.34391471256197,0.5436957204409203,0.21238364210391877,61.5,2,True,25–34,False,2.0977617788647853,7.88415332546784,True
KH00108405,12,52,Nam,Kỹ thuật viên chẩn đoán hình ảnh,Y tế và chăm sóc sức khỏe,Đồng Tháp,65.49166666666666,51.1,0,78.325,0.71,0.20004999999999998,1.5613724056202212,0.5399531116632063,0.18584543505042472,183.16666666666666,1,True,45–54,False,2.6965650525192153,7.802858893258516,False
KH00108410,12,33,Nữ,Kỹ sư dầu khí,Kỹ thuật và xây dựng,Thành phố Hồ Chí Minh,70.68333333333332,55.4,0,82.47500000000001,0.554975,0.15821666666666667,1.2540475623073937,0.4666453897912619,0.24932959454267287,365.25,1,True,25–34,False,0.14579677245065065,10.572946552352391,False
KH00108445,12,70,Nữ,Chuyên viên phục chế bảo tàng,"Truyền thông, nghệ thuật và thiết kế",Hà Nội,69.64999999999999,52.4,0,75.71666666666667,0.634975,0.14189166666666667,1.527071124845991,0.49983736521587424,0.24102500416933267,61.916666666666664,1,True,65+,False,0.4457093503351983,16.191105254016087,True
KH00108450,12,49,Nữ,Chuyên viên phân tích tình báo,Khu vực công và cộng đồng,Hà Nội,70.40833333333333,57.7,0,81.50833333333334,0.5385749999999999,0.13940833333333333,1.4368826095512996,0.4468973264081209,0.23025590928136486,303.4166666666667,0,True,45–54,False,1.5016519871612743,10.600087593160785,False
KH00108485,12,69,Nam,Kế toán viên tài chính công,Tài chính và pháp lý,Hà Nội,71.05,55.5,0,78.25,0.519375,0.1272,1.6626910106974782,0.46098818283773374,0.21421340989033713,122.25,0,True,65+,False,3.6106209099463875,13.207256520340621,True
KH00108490,12,35,Nữ,Quản trị viên tổ chức từ thiện,Khu vực công và cộng đồng,Đắk Lắk,60.333333333333336,51.2,0,82.20833333333333,0.8313416666666665,0.2719333333333333,1.4372962329221963,0.4340843425073426,0.2559666635887596,183.33333333333334,4,True,35–44,True,1.600656830547522,10.958265934676405,False
KH00108525,12,44,Nam,Bác sĩ đa khoa,Y tế và chăm sóc sức khỏe,Đồng Nai,70.90833333333335,57.5,0,78.71666666666667,0.47868333333333335,0.159325,2.0312623094386386,0.468428305023498,0.2107834136506593,121.91666666666667,0,True,35–44,False,2.8945450101791512,8.531902453264584,True
KH00108530,12,36,Nữ,Chuyên viên kính thuốc,Y tế và chăm sóc sức khỏe,Phú Thọ,65.43333333333334,51.5,0,82.73333333333333,0.6823333333333333,0.22978333333333334,1.3238204538215732,0.4467186854600953,0.25469200718463886,303.6666666666667,1,True,35–44,False,0.810880842441297,10.668962443577266,False
KH00108565,12,17,Nam,Chuyên viên khảo sát nông thôn,Nông nghiệp và môi trường,Cần Thơ,60.65,46.4,0,78.65833333333333,0.835025,0.22980833333333336,2.848632088567254,0.4210728480396811,0.18709259869243478,182.5,3,True,<25,False,2.249173249102499,6.441174428055962,True
KH00108570,12,54,Nam,Quản trị viên giáo dục,Giáo dục,Hà Nội,67.25833333333334,34.4,1,76.55833333333334,0.6257,0.19203333333333336,1.5276006784119611,0.5432450695798697,0.18750448086967944,122.25,2,True,45–54,False,5.84358203079551,10.7102867577974,True
KH00108605,12,46,Nữ,Cán bộ quan hệ sắc tộc,Khu vực công và cộng đồng,Đồng Nai,63.65,50.1,0,79.41666666666667,0.7973750000000001,0.18853333333333333,1.8743346028602048,0.5168006999378171,0.1882293897141635,303.8333333333333,2,True,45–54,False,0.27544955526256154,6.652477868620998,False
KH00108610,12,44,Nữ,Giáo viên mầm non,Giáo dục,Đồng Tháp,66.18333333333334,53.0,0,76.99166666666666,0.6888500000000001,0.17280833333333334,1.7255745644823184,0.503952080464397,0.18004539619815194,122.41666666666667,3,True,35–44,False,0.3533971674308944,7.408901616820418,True
KH00108645,12,68,Nam,Bác sĩ đa khoa,Y tế và chăm sóc sức khỏe,Thành phố Hồ Chí Minh,75.05833333333334,59.4,0,76.55,0.4142333333333333,0.09635,1.6166345106194993,0.5131384004365788,0.1704609686968915,121.66666666666667,0,True,65+,False,3.6259937381393206,7.735412035550464,False
KH00108650,12,91,Nữ,Cán bộ ứng phó khẩn cấp,Khu vực công và cộng đồng,Thành phố Hồ Chí Minh,67.64999999999999,45.0,0,75.29166666666667,0.7339666666666668,0.19340833333333332,1.2449674642352313,0.5024548245483021,0.22801691991077166,61.666666666666664,2,True,65+,False,0.29444230778836117,16.399362666014014,True
KH00108685,12,71,Nam,Lập trình viên đa phương tiện,Công nghệ thông tin,Cần Thơ,71.375,56.8,0,76.2,0.5149666666666667,0.12436666666666667,1.6069962131638693,0.5154323073840968,0.1830281250824138,121.5,1,True,65+,False,1.0451122975245588,8.53507645821545,False
KH00108690,12,50,Nam,Lập trình viên đa phương tiện,Công nghệ thông tin,Hà Nội,68.89999999999999,51.9,0,79.51666666666667,0.5772916666666666,0.15275000000000002,1.6797789622945878,0.5006582049658589,0.2052623261420292,183.25,1,True,45–54,False,1.1246808902644685,7.329905348722662,False
KH00108725,12,54,Nam,Quản lý di sản,"Truyền thông, nghệ thuật và thiết kế",Bắc Ninh,67.27499999999999,51.9,0,79.44166666666666,0.737175,0.15900833333333333,1.6319858500438382,0.5163927257460595,0.20736685789287712,183.16666666666666,3,True,45–54,False,5.124894508489277,10.57094025088379,True
KH00108730,12,35,Nữ,Điều dưỡng khuyết tật học tập,Y tế và chăm sóc sức khỏe,Sơn La,61.975,52.7,0,82.14166666666667,0.8446250000000001,0.1745,1.955464546844209,0.4265728476484277,0.24270619982131403,364.9166666666667,3,True,35–44,True,5.320917052818931,11.052537042308892,True
KH00108765,12,20,Nữ,Nhà thiết kế gốm sứ,"Truyền thông, nghệ thuật và thiết kế",Đà Nẵng,65.46666666666667,55.6,0,83.25,0.7480583333333333,0.15564166666666665,1.0822111013293805,0.25525882363431973,0.2649664730464983,364.6666666666667,1,True,<25,False,0.9710512585602916,9.129579771152779,False
KH00108805,12,39,Nam,Cán bộ quản lý thị trường,Khu vực công và cộng đồng,Đắk Lắk,74.26666666666667,64.7,0,78.84166666666667,0.5032916666666667,0.13325,0.792534857214544,0.4142933763036925,0.21438643686494693,122.33333333333333,0,True,35–44,False,13.527149739450655,12.065040178391586,False
KH00108810,12,33,Nam,Kiểm soát viên tài chính,Tài chính và pháp lý,Cần Thơ,58.074999999999996,14.4,2,73.55833333333334,0.859975,0.3124166666666667,1.6274041411921256,0.5437617610886004,0.19485870865209465,61.5,3,True,25–34,False,8.802508526607264,7.439001322426164,True
KH00108845,12,50,Nữ,Chuyên viên trị liệu thảo dược,Y tế và chăm sóc sức khỏe,Thái Nguyên,62.09166666666667,50.0,0,82.64166666666667,0.8157916666666667,0.26614166666666667,1.3244634175282217,0.44959002253623986,0.25313252087049204,304.0,1,True,45–54,True,0.24707524878276613,11.444421565944069,False
KH00108850,12,50,Nam,Chuyên viên kính thuốc,Y tế và chăm sóc sức khỏe,Thành phố Hồ Chí Minh,68.55,53.2,0,75.73333333333333,0.6393666666666666,0.1434,1.6412519400640389,0.5108221344871481,0.12885097584729086,182.66666666666666,1,True,45–54,False,5.318792227605748,6.229797134431226,True
KH00108885,12,78,Nam,Cán bộ giáo dục bảo tàng,Giáo dục,Bắc Ninh,59.26666666666667,41.3,0,75.89166666666667,0.9644,0.34912499999999996,1.2526706196971116,0.5697104645307641,0.17014490091866577,122.66666666666667,4,True,65+,False,0.7959975528965657,4.8896139565731005,False
KH00108890,12,72,Nữ,Nhà thiết kế gốm sứ,"Truyền thông, nghệ thuật và thiết kế",Hải Phòng,66.14999999999999,54.9,0,79.23333333333333,0.7437416666666667,0.16396666666666668,1.668385571648546,0.5481656493673247,0.1891762828953735,243.58333333333334,2,True,65+,False,2.8890353686391,6.42145601019819,True
KH00108925,12,36,Nam,Kỹ thuật viên phân tích mẫu khoan,Khoa học và nghiên cứu,Thành phố Hồ Chí Minh,64.30833333333332,51.0,0,82.35833333333333,0.6608083333333333,0.21271666666666667,2.320686749668863,0.5038360057077059,0.25876155148117874,182.41666666666666,1,True,35–44,False,1.2424269530845344,13.352846734041385,True
KH00108930,12,93,Nam,Nhà thiết kế triển lãm,"Truyền thông, nghệ thuật và thiết kế",An Giang,62.458333333333336,51.7,0,74.075,0.86315,0.19658333333333333,1.571639430121368,0.4869024165045675,0.207670108018938,61.25,3,True,65+,False,0.6348933782353153,8.115856925910963,True
KH00108965,12,49,Nam,Cảnh sát,Khu vực công và cộng đồng,Đắk Lắk,64.76666666666667,53.2,0,81.675,0.6451,0.1602,2.5075894210141056,0.45139464075087776,0.233713904363926,303.9166666666667,1,True,45–54,False,2.6862321691334143,8.276901926418253,False
KH00108970,12,44,Nữ,Chuyên viên nghiên cứu công đoàn,Khoa học và nghiên cứu,Hà Nội,64.35833333333333,49.4,0,82.0,0.6625916666666667,0.25048333333333334,2.0520703113321135,0.5512521542693329,0.24201290681132362,243.83333333333334,2,True,35–44,False,0.2700862271667148,10.263301074527668,True
KH00109005,12,92,Nam,Chuyên viên thu mua bán lẻ,Kinh doanh và dịch vụ,Đắk Lắk,66.77499999999999,43.9,0,73.79166666666667,0.74295,0.2060833333333333,1.3024788580101159,0.4950109295235369,0.21597853277777615,61.416666666666664,2,True,65+,False,0.630138397585575,6.3285511968042885,False
KH00109010,12,53,Nam,Kỹ thuật viên kế toán,Tài chính và pháp lý,Hà Nội,70.10000000000001,53.4,0,78.54166666666667,0.6468333333333334,0.13143333333333332,1.5390687610650409,0.5726559519819499,0.17641229236436629,243.33333333333334,2,True,45–54,False,4.033308798835714,6.011298215199991,True
KH00109045,12,34,Nam,Nhà trị liệu tâm lý qua chuyển động,Y tế và chăm sóc sức khỏe,Vĩnh Long,61.73333333333333,51.8,0,79.21666666666667,0.888575,0.28309999999999996,0.929013239732225,0.4095534900983391,0.18646894786152005,243.5,3,True,25–34,False,19.598172781683594,9.333444369702292,False
KH00109085,12,58,Nam,Cán bộ quản lý chất thải,Nông nghiệp và môi trường,Quảng Ninh,63.833333333333336,47.5,0,78.21666666666667,0.7571083333333334,0.16956666666666667,2.2788052765073585,0.4728329094685617,0.17480084252691455,182.75,2,True,55–64,False,12.38249401242596,4.530463083112374,True
KH00109090,12,77,Nam,Nhà thiết kế web,Công nghệ thông tin,Cao Bằng,62.475,48.5,0,79.875,0.8160833333333333,0.24089166666666664,1.5674380014598521,0.5466172707081852,0.21133503155807964,183.08333333333334,2,True,65+,False,2.4276325080405043,10.39595974636737,False
KH00109125,12,72,Nam,Điều dưỡng sức khỏe tâm thần,Y tế và chăm sóc sức khỏe,Quảng Ninh,61.84166666666667,49.6,0,78.44166666666666,0.820375,0.25855,1.70769973210806,0.527164738056236,0.21364447239934167,121.75,3,True,65+,False,4.45440512155971,8.330994126561555,True
KH00109130,12,47,Nữ,Nhà nghiên cứu bò sát,Khoa học và nghiên cứu,An Giang,67.58333333333333,53.3,0,79.26666666666667,0.6704916666666666,0.138475,1.85512547973601,0.527512563938079,0.19018641470003736,243.91666666666666,2,True,45–54,False,1.4593661353775333,8.514583381875315,False
KH00109165,12,51,Nam,Chuyên viên thẩm định bồi thường,Tài chính và pháp lý,Quảng Trị,66.875,51.9,0,75.14166666666667,0.736225,0.16519999999999999,1.329932215661627,0.502915186627326,0.14660352704103155,122.0,2,True,45–54,False,0.4943798269983742,5.054356312538568,False
KH00109170,12,46,Nam,Quản lý trung tâm thông tin du lịch,Kinh doanh và dịch vụ,Đồng Nai,71.86666666666666,60.3,0,78.75,0.5432083333333333,0.14390833333333333,0.9437183178261486,0.37709667416836684,0.17652444634953143,243.33333333333334,0,True,45–54,False,23.607780943789287,7.894103258259408,False
KH00109205,12,59,Nam,Kỹ thuật viên xạ trị,Y tế và chăm sóc sức khỏe,Thành phố Hồ Chí Minh,70.8,54.3,0,76.03333333333333,0.5984333333333334,0.12046666666666667,1.3017976049853976,0.5026487907770743,0.16747705362976995,122.0,1,True,55–64,False,1.9476119016817592,7.199089262613195,False
KH00109210,12,38,Nữ,Nhà môi giới bảo hiểm,Tài chính và pháp lý,Lâm Đồng,64.56666666666666,52.0,0,78.15833333333333,0.7161,0.181925,1.969253187252327,0.5246583704585667,0.1632186361050191,364.8333333333333,1,True,35–44,False,1.405495396234474,5.002839433666461,False
KH00109245,12,35,Nam,Nhà thiết kế trang sức,"Truyền thông, nghệ thuật và thiết kế",Lào Cai,65.04166666666667,51.9,0,81.89999999999999,0.6702666666666667,0.13975833333333335,2.490499394847094,0.42847357666876107,0.2503967665283597,183.16666666666666,1,True,35–44,False,7.56546339278652,10.724224254558118,True
KH00109250,12,63,Nữ,Nhà khoa học sinh lý,Khoa học và nghiên cứu,Cà Mau,68.38333333333333,48.8,0,73.88333333333334,0.706925,0.17854166666666668,1.2524483115420881,0.5008243898589151,0.21154088820322858,61.416666666666664,2,True,55–64,False,0.3100697495273376,8.897611509116585,False
KH00109285,12,46,Nữ,Chuyên viên phân tích đầu tư,Tài chính và pháp lý,Hưng Yên,67.425,50.8,0,79.675,0.5357999999999999,0.177975,2.534608486018851,0.48850201652357245,0.19418159890121042,304.5,1,True,45–54,False,2.46605225434702,8.199056176288535,False
KH00109290,12,55,Nam,Chuyên viên giám định rủi ro bảo hiểm,Tài chính và pháp lý,Lâm Đồng,66.01666666666667,52.4,0,77.45,0.7027083333333334,0.23010833333333333,1.2974602705261187,0.5704037086302954,0.1576992046317561,243.58333333333334,1,True,55–64,False,1.618350005480601,6.3392444395727985,False
KH00109325,12,54,Nữ,Lập trình viên hệ thống,Công nghệ thông tin,Thành phố Hồ Chí Minh,65.89999999999999,51.3,0,79.45,0.7470166666666667,0.15713333333333332,1.5168485365745799,0.5186906723405718,0.19317031214676925,244.08333333333334,2,True,45–54,False,1.660333010694293,8.983882966417706,False
KH00109330,12,59,Nữ,Luật sư,Tài chính và pháp lý,Thành phố Hồ Chí Minh,76.39999999999999,59.1,0,74.25833333333334,0.3948833333333333,0.10429166666666667,1.3094313736392684,0.5275580760289327,0.20805655876878346,61.416666666666664,0,True,55–64,False,1.0868319114937,12.098491802358181,False
KH00109365,12,62,Nam,Quản lý trung tâm thông tin du lịch,Kinh doanh và dịch vụ,Cà Mau,68.80833333333334,48.4,0,78.55,0.6675083333333333,0.16219166666666665,1.7533494182355398,0.4792048281097796,0.2136276838506054,121.25,2,True,55–64,False,10.047097937479274,5.490316506243649,True
KH00109370,12,51,Nam,Giáo viên giáo dục đặc biệt,Giáo dục,Thái Nguyên,62.9,47.8,0,79.02499999999999,0.8097583333333334,0.25639166666666663,1.3319438453672396,0.5031600645671598,0.19382082626680774,181.91666666666666,2,True,45–54,False,0.4013772189046177,10.177690442716935,False
KH00109405,12,53,Nam,Nhà thiết kế sản phẩm,"Truyền thông, nghệ thuật và thiết kế",Đà Nẵng,57.55833333333334,14.1,2,74.16666666666667,1.0900166666666666,0.24785833333333332,1.4123786237729279,0.4967052839689046,0.21579433518342114,61.416666666666664,4,True,45–54,False,0.37795398744038905,15.298172718258652,True
KH00109410,12,56,Nữ,Thủ thư học thuật,Giáo dục,Thanh Hóa,65.73333333333333,50.2,0,77.76666666666667,0.7328083333333333,0.169,1.6146472828379856,0.4674555445959015,0.1927351595673077,122.08333333333333,2,True,55–64,False,3.433694062613009,12.932914844520226,False
KH00109445,12,45,Nam,Kỹ sư khai thác mỏ,Kỹ thuật và xây dựng,Huế,69.91666666666667,50.3,0,80.3,0.6060833333333333,0.13268333333333335,2.0988861999922253,0.5202725241181723,0.21038957846573383,243.16666666666666,1,True,45–54,False,4.617207689237592,8.062876380654238,True
KH00109450,12,38,Nam,Chuyên viên thuế cấp cao,Tài chính và pháp lý,Sơn La,66.95,55.2,0,73.65833333333333,0.7868583333333333,0.19036666666666668,0.8242949273789529,0.3988122915720224,0.19959523461370146,61.666666666666664,3,True,35–44,False,17.389923233036267,7.759298423388164,False
KH00109490,12,56,Nữ,Nhà khoa học sinh lý,Khoa học và nghiên cứu,Hải Phòng,68.35000000000001,50.5,0,77.30833333333334,0.6010333333333333,0.16263333333333332,1.7351198031817203,0.4874531327716156,0.16011680209813786,182.41666666666666,1,True,55–64,False,6.370651941861165,6.080108908429958,True
KH00109525,12,85,Nữ,Chuyên viên khảo sát công trình,Kỹ thuật và xây dựng,Hưng Yên,65.79166666666667,50.3,0,77.05,0.76405,0.20085833333333333,1.3067811623134509,0.5214679139573738,0.1850476184548613,122.41666666666667,2,True,65+,False,0.3354688458807785,8.367076386285529,False
KH00109530,12,34,Nữ,Luật sư tranh tụng,Tài chính và pháp lý,Nghệ An,72.20833333333333,53.3,0,78.45833333333333,0.52935,0.10984166666666667,1.8064004917745358,0.5636894709733232,0.18137079066777237,182.91666666666666,1,True,25–34,False,0.4228601264606932,5.568506657165422,True
KH00109565,12,54,Nam,Giám đốc chiến lược,Kinh doanh và dịch vụ,Đắk Lắk,74.71666666666667,50.9,0,70.95833333333333,0.4393666666666666,0.13944166666666666,1.6124518372124992,0.5518715749332511,0.15038623629047113,61.25,1,True,45–54,False,11.521568919273067,3.7314084748559426,True
KH00109570,12,90,Nam,Quản lý sân khấu,"Truyền thông, nghệ thuật và thiết kế",Thành phố Hồ Chí Minh,69.75,50.8,0,74.775,0.57095,0.18484166666666668,1.6660202169499494,0.508676850581011,0.13653123164506428,121.66666666666667,1,True,65+,False,4.2038829803100155,3.28517169494278,True
KH00109605,12,74,Nữ,Nhà tâm lý học thể thao,Y tế và chăm sóc sức khỏe,Nghệ An,64.53333333333333,38.0,1,75.825,0.8580583333333333,0.29389166666666666,1.2721550390082341,0.5612700376714316,0.24640374102349735,61.583333333333336,3,True,65+,False,0.3568187891933549,13.476143715700958,True
KH00109610,12,25,Nữ,Chuyên viên khảo sát công trình,Kỹ thuật và xây dựng,Nghệ An,62.74166666666667,52.1,0,80.45833333333333,0.7365333333333334,0.18148333333333333,2.142105290902339,0.4647297565988655,0.2102128359035368,304.5833333333333,2,True,25–34,True,0.47494741694758985,9.726383726625752,False
KH00109645,12,23,Nữ,Nhà khoa học địa chất,Khoa học và nghiên cứu,Bắc Ninh,69.4,57.9,0,81.48333333333333,0.5268833333333333,0.11998333333333333,2.275633921305426,0.44847457599773666,0.24722392333278578,182.75,0,True,<25,False,4.940544387706283,13.092491007564863,True
KH00109650,12,32,Nam,Kỹ sư đóng tàu,Kỹ thuật và xây dựng,Lâm Đồng,71.79166666666667,61.5,0,79.40833333333333,0.512325,0.18951666666666667,0.9181241210948089,0.3918346879977303,0.19036785334763318,243.75,0,True,25–34,False,18.73244408839948,9.701188130350928,False
KH00109685,12,37,Nữ,Kiểm lâm,Nông nghiệp và môi trường,Hưng Yên,62.125,52.6,0,78.725,0.8322250000000001,0.21561666666666668,1.8115837990363122,0.5292383816585443,0.1758591287313925,244.16666666666666,3,True,35–44,False,0.22023219579298323,5.552896703301056,False
KH00109690,12,31,Nữ,Chuyên viên công nghệ chăn nuôi,Nông nghiệp và môi trường,Hà Nội,62.74166666666667,47.7,0,79.55833333333334,0.7361166666666668,0.2347,2.0556704052225543,0.48502739220752455,0.19353559167060563,243.25,1,True,25–34,False,2.1650084027236383,5.933836217261034,False
KH00109730,12,29,Nữ,Chuyên viên thẩm định bồi thường,Tài chính và pháp lý,Huế,64.69166666666666,55.5,0,75.10000000000001,0.7940166666666667,0.19165,1.1925278953603742,0.46600114205761795,0.251034385523376,61.0,3,True,25–34,False,0.08511554319432228,10.62478374444999,False
KH00109765,12,52,Nữ,Nhà thiết kế sản phẩm công nghiệp,"Truyền thông, nghệ thuật và thiết kế",Phú Thọ,64.48333333333333,53.8,0,79.26666666666667,0.8436916666666666,0.20136666666666667,1.3188149435893857,0.5767171594515789,0.19277266707533233,242.41666666666666,1,True,45–54,False,0.7689628672990382,8.300258863535412,False
KH00109770,12,30,Nữ,Nhà biên soạn từ điển,Giáo dục,Lâm Đồng,61.74166666666667,47.4,0,77.68333333333334,0.7515666666666667,0.2711166666666667,2.0694891644438758,0.5356973890093694,0.15907257397313315,243.25,2,True,25–34,False,2.092563545187575,6.019037101251991,True
KH00109805,12,49,Nam,Nghệ nhân thổi thủy tinh,"Truyền thông, nghệ thuật và thiết kế",Khánh Hòa,64.69166666666666,56.3,0,78.74166666666666,0.8017083333333334,0.20166666666666666,0.9392622937722296,0.3904056598398249,0.1843432837907413,183.16666666666666,2,True,45–54,False,20.1533509856941,7.993918356272046,False
KH00109845,12,58,Nam,Cán bộ bảo tồn thiên nhiên,Nông nghiệp và môi trường,Thành phố Hồ Chí Minh,66.44166666666666,52.1,0,76.25,0.63295,0.22995833333333335,1.4550283630089913,0.4901061869778041,0.2320166566045745,61.25,1,True,55–64,False,2.76722971158703,11.120208520934982,False
KH00109850,12,41,Nữ,Chuyên viên viết nội dung quảng cáo,"Truyền thông, nghệ thuật và thiết kế",Thành phố Hồ Chí Minh,66.05833333333334,53.3,0,79.425,0.7036250000000001,0.16573333333333332,1.7963946851240464,0.5673574402080837,0.20051016896176477,182.58333333333334,2,True,35–44,False,0.21908151605898313,5.761644184270807,False
KH00109885,12,62,Nữ,Giảng viên giáo dục thường xuyên,Giáo dục,Hưng Yên,72.88333333333334,56.0,0,78.08333333333333,0.49920000000000003,0.10339166666666666,1.5303547047289932,0.5128728294673777,0.2102145915673069,122.41666666666667,0,True,55–64,False,3.239442030510805,10.041866119656587,False
KH00109890,12,31,Nam,Trợ lý phát thanh,"Truyền thông, nghệ thuật và thiết kế",Đồng Nai,59.51666666666667,46.7,0,80.18333333333332,0.9511916666666668,0.20795,2.6060755909010287,0.48007021820389645,0.2037433114298974,304.1666666666667,4,True,25–34,True,10.771666844723182,7.284317133199816,True
KH00109925,12,26,Nam,Thầy thuốc đông y,Y tế và chăm sóc sức khỏe,Gia Lai,61.9,49.4,0,80.825,0.8130833333333333,0.246375,1.8169015680701646,0.5342868986061146,0.21653399458367908,303.1666666666667,3,True,25–34,True,1.6780338001864186,5.4412883276733135,False
KH00109930,12,52,Nam,Nhà thiết kế sản phẩm công nghiệp,"Truyền thông, nghệ thuật và thiết kế",Nghệ An,62.40833333333333,48.4,0,79.90833333333333,0.8266583333333334,0.25371666666666665,1.4509306470732684,0.506098795010845,0.24260217145288268,122.16666666666667,3,True,45–54,False,0.5630053549134857,9.919573120191497,False
KH00109965,12,37,Nữ,Chuyên viên hoạt hình,"Truyền thông, nghệ thuật và thiết kế",Đắk Lắk,64.70833333333333,54.6,0,81.78333333333333,0.7858583333333332,0.1662,1.3569444801417685,0.46865794122660764,0.24835047971051347,183.25,1,True,35–44,False,0.10707728338726974,13.207239092595598,False
KH00109970,12,85,Nữ,Quản trị viên tổ chức từ thiện,Khu vực công và cộng đồng,Ninh Bình,56.525,26.0,1,77.71666666666667,0.9610083333333334,0.2997166666666667,1.6227089962836556,0.5384125899421388,0.21259185695763985,121.83333333333333,5,True,65+,False,8.743855788146018,7.842574954626694,True
KH00110005,12,71,Nữ,Kỹ sư bảo trì,Kỹ thuật và xây dựng,Quảng Ngãi,70.1,57.5,0,81.21666666666667,0.5491416666666666,0.1236,1.7866304982509815,0.4877985095664504,0.2418902426659804,182.75,0,True,65+,False,5.98329541208161,11.722355840329648,False
KH00110010,12,43,Nữ,Người dẫn chương trình phát sóng,"Truyền thông, nghệ thuật và thiết kế",Thành phố Hồ Chí Minh,65.19166666666666,47.4,0,77.95833333333333,0.656275,0.2609666666666667,1.3291897074849026,0.43573390982067295,0.271174296715939,61.833333333333336,2,True,35–44,False,1.4764221013580334,13.217879657111235,False
KH00110045,12,37,Nam,Quản trị viên,Kinh doanh và dịch vụ,Vĩnh Long,67.71666666666667,53.4,0,78.79166666666667,0.6806749999999999,0.20315000000000003,0.9596873022170801,0.3910326885389348,0.19121503831540435,182.83333333333334,1,True,35–44,False,21.833981660988197,9.726067161586958,False
KH00110050,12,50,Nữ,Quản lý môi trường,Nông nghiệp và môi trường,Đồng Tháp,70.35833333333333,49.4,0,75.96666666666667,0.6437,0.13655833333333334,1.1532948656811433,0.4794227289284796,0.23106540983255072,61.333333333333336,1,True,45–54,False,1.0779282469489182,15.183789098220105,True
KH00110085,12,92,Nữ,Quản lý sản phẩm,Kinh doanh và dịch vụ,Đà Nẵng,65.72500000000001,54.3,0,78.93333333333334,0.6886916666666667,0.17348333333333332,1.662316198287562,0.47775141706207885,0.21901051492576232,121.91666666666667,1,True,65+,False,4.079954057048414,10.928180060433725,True
KH00110090,12,47,Nữ,Chuyên viên khảo sát mỏ,Kỹ thuật và xây dựng,Quảng Ngãi,63.5,48.7,0,78.925,0.859625,0.17348333333333332,2.1349634790394236,0.5283899863975208,0.18969331265974124,182.58333333333334,2,True,45–54,False,0.8101951624821505,9.943810216032887,True
KH00110125,12,72,Nam,Đạo diễn sân khấu,"Truyền thông, nghệ thuật và thiết kế",Đồng Nai,66.3,50.3,0,76.80833333333334,0.6262166666666666,0.226075,1.5615834044098171,0.4734279379564848,0.15031060861385503,182.75,1,True,65+,False,4.5653628913991575,8.11810639829412,False
KH00110130,12,57,Nữ,Nhà khoa học thính học,Y tế và chăm sóc sức khỏe,Hưng Yên,69.75,58.5,0,75.625,0.5863333333333333,0.13544166666666665,1.586621309324606,0.5198121308764158,0.15751827085312062,122.0,1,True,55–64,False,4.754086302907213,5.958397889287231,False
KH00110165,12,89,Nữ,Quản lý mỏ đá,Kỹ thuật và xây dựng,Cần Thơ,67.69166666666666,56.9,0,80.51666666666667,0.6473,0.15081666666666668,1.6648545218232107,0.5065666404426735,0.22147001922706178,182.66666666666666,1,True,65+,False,4.6136216704153785,9.92872361677128,True
KH00110170,12,34,Nữ,Trợ lý chính trị gia,Khu vực công và cộng đồng,Đà Nẵng,57.39166666666667,36.3,1,80.14999999999999,1.0197333333333334,0.24219166666666667,2.207541400501737,0.4847535617858533,0.21490407132905795,183.41666666666666,5,True,25–34,True,1.5393750610655412,13.8760392773562,True
KH00110205,12,40,Nữ,Biên tập viên hiệu đính,"Truyền thông, nghệ thuật và thiết kế",Lai Châu,64.40833333333333,54.7,0,81.73333333333333,0.7573083333333334,0.15675833333333333,1.575657450272675,0.42364678056158955,0.2382106246593194,242.75,1,True,35–44,False,2.6607112840093174,10.677275081856884,False
KH00110210,12,53,Nữ,Kỹ sư khai thác mỏ,Kỹ thuật và xây dựng,Hà Nội,72.14999999999999,45.6,0,76.03333333333333,0.5192666666666667,0.1722,1.7674388093334825,0.5370187326295223,0.16995787737816337,121.33333333333333,2,True,45–54,False,14.574950550319285,9.737916692211634,True
KH00110250,12,55,Nam,Chuyên viên vẽ bản đồ,Kỹ thuật và xây dựng,Hà Nội,68.47500000000001,59.0,0,80.46666666666667,0.6584333333333333,0.13718333333333332,1.4114234512208388,0.5436564230567489,0.21371606613132446,243.41666666666666,1,True,55–64,False,0.45065391288106005,9.046146565565497,False
KH00110290,12,37,Nữ,Lập trình viên đa phương tiện,Công nghệ thông tin,Ninh Bình,72.71666666666667,62.9,0,82.18333333333334,0.5121749999999999,0.10426666666666666,1.3077602587719372,0.46690859952487634,0.2534502440575617,182.33333333333334,0,True,35–44,False,0.25082366666818795,9.715636369369433,False
KH00110325,12,75,Nam,Kỹ sư y sinh,Kỹ thuật và xây dựng,Quảng Ninh,70.39999999999999,55.9,0,79.8,0.5177416666666667,0.19471666666666668,1.448672603820645,0.5459555589078441,0.1999613873888871,243.83333333333334,0,True,65+,False,1.2303286558967708,7.521632442205864,False
KH00110330,12,45,Nam,Nhà thiết kế gốm sứ,"Truyền thông, nghệ thuật và thiết kế",Hưng Yên,61.09166666666667,49.4,0,81.39166666666667,0.8171583333333334,0.18983333333333333,2.5164992523524767,0.4741753871383361,0.22911511222291214,304.5833333333333,3,True,45–54,True,5.795350295006653,8.650057342014131,True
KH00110365,12,33,Nam,Cán bộ quản chế,Khu vực công và cộng đồng,Thành phố Hồ Chí Minh,61.28333333333333,42.4,0,78.21666666666667,0.7901833333333332,0.3103916666666667,2.0901241082532827,0.486328041946337,0.1765949933873423,182.5,2,True,25–34,False,8.623277129901105,5.393897363136708,True
KH00110370,12,38,Nam,Kỹ sư dầu khí,Kỹ thuật và xây dựng,Hà Nội,71.675,52.5,0,73.59166666666667,0.6057416666666667,0.132,0.8862615850957959,0.39004510790495556,0.20203383946104234,61.666666666666664,1,True,35–44,False,17.75034785400835,12.6943166006636,False
KH00110405,12,32,Nữ,Chuyên viên trị liệu âm nhạc,Y tế và chăm sóc sức khỏe,Tây Ninh,64.36666666666666,54.4,0,77.11666666666666,0.71895,0.14520833333333333,1.952078511504406,0.47244821560375594,0.18697666122991666,122.16666666666667,1,True,25–34,False,0.6601145716612891,6.546289921203857,True
KH00110410,12,34,Nữ,Cán bộ giáo dục cộng đồng,Giáo dục,Cần Thơ,60.56666666666667,40.9,0,71.09166666666667,0.8998583333333333,0.3554166666666667,1.328479326690274,0.5760221730209006,0.15084509918623876,61.5,3,True,25–34,False,0.40503383676968474,3.295183840522742,True
KH00110445,12,86,Nữ,Giáo viên tiểu học,Giáo dục,Thanh Hóa,67.2,49.8,0,73.075,0.6926583333333333,0.178675,1.4730051604818586,0.4911670132871317,0.1896876068038178,61.416666666666664,1,True,65+,False,7.773204787634555,6.3093710657727495,True
KH00110450,12,75,Nữ,Chuyên viên lưu trữ,Kinh doanh và dịch vụ,Thái Nguyên,63.90833333333333,52.0,0,78.36666666666666,0.800925,0.20754166666666665,1.5978049253926878,0.5006386961833481,0.1846460958130671,182.91666666666666,3,True,65+,False,0.38834761786482763,5.729739082868888,False
KH00110485,12,66,Nữ,Người dẫn chương trình phát sóng,"Truyền thông, nghệ thuật và thiết kế",Lâm Đồng,42.31666666666666,6.3,3,73.96666666666667,1.1686666666666667,0.42945833333333333,1.516432769131007,0.45797754507016947,0.1966616206647218,61.583333333333336,5,True,65+,False,0.6918390335596684,12.490836742309314,True
KH00110490,12,67,Nam,Thư ký luật sư tranh tụng,Tài chính và pháp lý,Sơn La,69.44166666666666,52.2,0,79.89999999999999,0.5479999999999999,0.20603333333333332,1.51075789431557,0.5360385747771219,0.21876597219142632,182.91666666666666,1,True,65+,False,2.309882724860827,9.013848807729758,False
KH00110525,12,71,Nữ,Kỹ sư sản xuất,Kỹ thuật và xây dựng,Ninh Bình,72.01666666666667,59.7,0,80.65833333333333,0.50615,0.11066666666666668,1.64806340943776,0.5044634227439957,0.21748409384797393,243.33333333333334,0,True,65+,False,0.4152911584425554,8.484545950922628,False
KH00110530,12,48,Nữ,Nhà khoa học thính học,Y tế và chăm sóc sức khỏe,Cà Mau,71.64166666666667,51.3,0,77.78333333333333,0.4878833333333333,0.149625,1.9203489770345694,0.505928666442219,0.19398807792723216,122.25,0,True,45–54,False,0.2042542171223215,10.024775690643995,True
KH00110565,12,59,Nam,Quản lý sản xuất,Kinh doanh và dịch vụ,An Giang,67.225,52.5,0,75.65833333333333,0.6627333333333333,0.14414166666666667,1.5595765981265772,0.4718427233957481,0.23021978896679104,61.583333333333336,2,True,55–64,False,0.5313989842654812,15.20397128819938,False
KH00110570,12,76,Nam,Chuyên viên an toàn lao động,Y tế và chăm sóc sức khỏe,Thành phố Hồ Chí Minh,63.425000000000004,53.5,0,80.22500000000001,0.7348833333333333,0.227075,1.6871308220701018,0.5026924757198244,0.2069094127979988,242.91666666666666,1,True,65+,True,3.7023009144665484,8.375500472489195,False
KH00110605,12,31,Nam,Nhân viên giao dịch,Tài chính và pháp lý,Hưng Yên,63.55833333333334,54.2,0,79.50833333333334,0.8726583333333333,0.219275,0.8952564791724503,0.39166395741497845,0.19259130817586254,243.5,3,True,25–34,False,19.30278166797511,10.210446736158863,False
KH00110610,12,43,Nam,Nhân viên cứu trợ,Khu vực công và cộng đồng,Thành phố Hồ Chí Minh,66.575,54.8,0,81.23333333333333,0.6721916666666666,0.13965,2.083933749663346,0.484740607036348,0.22688530497484014,243.08333333333334,1,True,35–44,False,2.512190124314776,9.391230837478732,False
KH00110645,12,37,Nữ,Nhà khoa học nghiên cứu khoa học sự sống,Khoa học và nghiên cứu,Thành phố Hồ Chí Minh,73.875,66.7,0,81.27499999999999,0.3953,0.11423333333333334,2.3068770211268563,0.5133438675024581,0.2280181939663726,243.58333333333334,0,True,35–44,False,1.8732674967097276,12.4573835061251,False
KH00110685,12,41,Nữ,Luật sư tranh tụng,Tài chính và pháp lý,Thành phố Hồ Chí Minh,74.23333333333333,49.4,0,72.0,0.522425,0.10831666666666667,1.4940755602098588,0.5300707505423439,0.15568073597809637,61.583333333333336,1,True,35–44,False,0.26313888867771046,7.976082775188729,True
KH00110690,12,25,Nữ,Nhà khoa học dữ liệu,Công nghệ thông tin,Hà Nội,71.60833333333333,52.7,0,70.85000000000001,0.5512333333333334,0.11099999999999999,1.6421432159836113,0.5340532188771737,0.13701578987653987,61.666666666666664,1,True,25–34,False,0.22436517700399486,3.2446988651286235,True
KH00110725,12,47,Nam,Nhà khoa học biển,Khoa học và nghiên cứu,Bắc Ninh,68.93333333333334,57.6,0,79.39999999999999,0.5634750000000001,0.18189999999999998,1.7175652435422564,0.5369899738128463,0.19340736416146276,243.33333333333334,0,True,45–54,False,1.6655924153991661,5.333470548621283,False
KH00110770,12,58,Nữ,Quản trị viên cơ sở dữ liệu,Công nghệ thông tin,Lạng Sơn,63.56666666666666,53.3,0,79.15833333333333,0.82645,0.18230833333333332,1.692305369568486,0.5256213971171269,0.20120499597336972,182.16666666666666,2,True,55–64,False,7.678257798746587,8.368841003234659,True
KH00110805,12,48,Nữ,Giáo viên giáo dục đặc biệt,Giáo dục,Tây Ninh,66.05833333333334,48.4,0,77.54166666666667,0.6573583333333334,0.21564166666666665,1.8564784691559064,0.5347389358534297,0.1571201295309678,243.41666666666666,2,True,45–54,False,1.5381084127069165,3.3505736081750657,False
KH00110810,12,27,Nam,Chuyên viên mua quảng cáo,"Truyền thông, nghệ thuật và thiết kế",An Giang,63.30833333333333,55.2,0,82.22500000000001,0.7554666666666666,0.1512,2.226045835614832,0.48902789297898713,0.24436806391578458,304.25,1,True,25–34,True,2.4483055345610825,9.108901895110293,False
KH00110845,12,86,Nữ,Cán bộ triển lãm bảo tàng,"Truyền thông, nghệ thuật và thiết kế",Khánh Hòa,65.09166666666667,51.1,0,71.27499999999999,0.8296083333333334,0.16422499999999998,1.3170859628245657,0.5039104893850829,0.15351275826936778,61.416666666666664,2,True,65+,False,1.7734535338981787,7.430001564210856,False
KH00110850,12,42,Nam,Chuyên viên truyền thông sức khỏe,Y tế và chăm sóc sức khỏe,Cần Thơ,62.175000000000004,50.3,0,80.18333333333334,0.8629583333333333,0.1773,2.625280628440041,0.46710293055906216,0.2064637391080768,243.66666666666666,3,True,35–44,True,7.015013326076868,9.71554133891871,True
KH00110885,12,39,Nữ,Chuyên viên làm vườn thương mại,Nông nghiệp và môi trường,An Giang,68.925,57.1,0,83.375,0.5578500000000001,0.17679999999999998,1.5018222469298077,0.43309423134105446,0.27796231493599605,182.5,0,True,35–44,False,2.612021357514473,13.602092747574327,False
KH00110890,12,38,Nữ,Nhà khoa học thính học,Y tế và chăm sóc sức khỏe,Lào Cai,69.14166666666667,50.5,0,73.53333333333333,0.6333083333333334,0.13515833333333335,1.5749947291233892,0.5085022987558109,0.18122358913766545,61.333333333333336,2,True,35–44,False,2.201403212872446,8.087444345954587,False
KH00110930,12,32,Nữ,Chuyên viên trắc địa,Kỹ thuật và xây dựng,Thanh Hóa,64.40833333333333,51.8,0,82.30833333333334,0.7100416666666667,0.16059166666666666,2.1193392732917324,0.5000194349716851,0.24716289830444957,304.75,1,True,25–34,False,0.3978602184555329,11.441231275391388,False
KH00110965,12,54,Nữ,Kỹ thuật viên sản xuất bia,Kỹ thuật và xây dựng,Hà Nội,68.50833333333334,52.2,0,78.14999999999999,0.6210166666666667,0.16216666666666668,1.4707767316231404,0.505878995967726,0.17526525342206567,182.66666666666666,2,True,45–54,False,0.25793738892745477,6.267523876874494,False
KH00110970,12,22,Nam,Nhà tâm lý học giáo dục,Y tế và chăm sóc sức khỏe,Thành phố Hồ Chí Minh,64.95833333333333,36.8,1,75.35000000000001,0.8163166666666667,0.25074166666666664,1.7031882585681046,0.41126901666531324,0.23913808105949277,61.333333333333336,3,True,<25,False,5.2419651756930286,16.02340179060516,True
KH00111005,12,28,Nữ,Quản lý nông trại,Nông nghiệp và môi trường,Nghệ An,70.3,57.7,0,80.675,0.5820833333333334,0.13886666666666667,1.2984444717958967,0.47010481295420825,0.2244086763269287,182.91666666666666,1,True,25–34,False,0.3589311435781961,9.419304942266868,False
KH00111010,12,57,Nam,Kỹ sư cơ điện công trình,Kỹ thuật và xây dựng,Huế,68.75,51.4,0,77.77499999999999,0.63125,0.157825,1.2971005275381715,0.4798545585259084,0.1983028061090406,122.5,2,True,55–64,False,2.7879941850098975,8.958335579330413,False
KH00111045,12,91,Nữ,Chuyên viên sinh lý vận động,Y tế và chăm sóc sức khỏe,Thái Nguyên,65.24166666666666,50.7,0,71.85000000000001,0.733925,0.2499583333333333,1.2483821205801564,0.598102106800899,0.17666686301985737,61.166666666666664,2,True,65+,False,0.393410175277716,8.265699408477431,True
KH00111050,12,49,Nữ,Nhà địa chất công trình,Khoa học và nghiên cứu,Quảng Ninh,64.10833333333333,47.8,0,80.58333333333333,0.8192166666666667,0.20466666666666666,1.8985082156574122,0.5260030889888061,0.21572909607587162,244.0,2,True,45–54,False,1.2413646622272294,11.076284704018919,True
KH00111090,12,38,Nam,Nhà khoa học thính học,Y tế và chăm sóc sức khỏe,Hà Nội,73.49166666666666,60.5,0,77.825,0.5249333333333334,0.114275,0.9107606268351005,0.4033913447766155,0.20312027111982678,122.5,0,True,35–44,False,15.491394303960918,10.789144395632304,False
KH00111125,12,49,Nữ,Quản lý nhà hàng thức ăn nhanh,Kinh doanh và dịch vụ,Phú Thọ,66.95,42.7,0,72.36666666666666,0.6684416666666667,0.14078333333333334,1.8011807470283017,0.48852217742607235,0.1635873111500547,61.583333333333336,1,True,45–54,False,0.3772942318789975,2.778922092654244,True
KH00111130,12,55,Nữ,Chuyên viên phân tích hệ thống,Công nghệ thông tin,Hải Phòng,66.64166666666667,50.4,0,79.25833333333334,0.688325,0.19983333333333334,1.478100828632382,0.531203391788556,0.20359099899410482,183.33333333333334,1,True,55–64,False,2.8094898246565028,9.194954430058427,False
KH00111165,12,60,Nam,Chuyên viên tư vấn nông nghiệp,Nông nghiệp và môi trường,Đà Nẵng,65.10000000000001,45.2,0,79.19166666666666,0.6822833333333334,0.20318333333333335,1.7835319199865054,0.49916935722248684,0.20016032039198453,183.33333333333334,1,True,55–64,False,5.822348604019789,8.62413081146323,True
KH00111170,12,54,Nữ,Nhà địa chất hiện trường,Khoa học và nghiên cứu,Lâm Đồng,62.63333333333333,47.9,0,74.83333333333333,0.7791666666666667,0.246375,1.4508942211135902,0.49127209352376977,0.14876524887479006,122.33333333333333,2,True,45–54,False,3.738869809553544,5.946300343428036,False
KH00111205,12,46,Nam,Nhà thiết kế triển lãm,"Truyền thông, nghệ thuật và thiết kế",Đà Nẵng,64.25833333333334,54.3,0,79.14999999999999,0.7583166666666666,0.25015000000000004,0.9425004577813184,0.37700442848299426,0.18497792869791221,244.0,1,True,45–54,False,20.26185541936551,9.180091495070112,False
KH00111245,12,54,Nam,Chuyên viên vật lý trị liệu,Y tế và chăm sóc sức khỏe,Phú Thọ,66.00833333333334,50.0,0,76.76666666666667,0.7702833333333333,0.17605,1.4080364756475143,0.5070314586179612,0.17905964302677743,121.91666666666667,2,True,45–54,False,2.1884667515402563,9.411242467053295,False
KH00111250,12,35,Nữ,Cán bộ thử nghiệm hiện trường,Khu vực công và cộng đồng,Cần Thơ,65.175,41.5,0,74.93333333333334,0.8328416666666666,0.25490833333333335,1.1486660356707568,0.508444479861231,0.2246675911809046,60.833333333333336,2,True,35–44,False,0.7864944543570513,10.640343364698298,True
KH00111285,12,25,Nam,Chuyên viên hoạch định quảng cáo,"Truyền thông, nghệ thuật và thiết kế",Thành phố Hồ Chí Minh,64.35833333333333,35.3,1,75.53333333333335,0.75095,0.20099166666666668,1.6344275922375076,0.5035361352503327,0.22387063525749437,61.416666666666664,3,True,25–34,False,0.25390972915353055,8.169220372721387,True
KH00111290,12,30,Nam,Bác sĩ phẫu thuật,Y tế và chăm sóc sức khỏe,Thành phố Hồ Chí Minh,75.60833333333333,67.9,0,80.46666666666667,0.3709,0.10254166666666666,1.831420018456983,0.5099430085313957,0.22074929097328702,182.58333333333334,0,True,25–34,False,0.6161054856845234,10.019684737817675,False
KH00111325,12,29,Nam,Nhà khoa học y sinh,Khoa học và nghiên cứu,Thành phố Hồ Chí Minh,73.84166666666667,60.8,0,80.52499999999999,0.4472666666666667,0.10293333333333334,1.8021093540055146,0.5202989139405599,0.24721300549264938,122.16666666666667,0,True,25–34,False,0.9421526036948036,11.557466303426377,True
KH00111330,12,84,Nam,Giáo viên trung học,Giáo dục,Thành phố Hồ Chí Minh,63.775,53.3,0,78.50833333333334,0.7936583333333335,0.1688333333333333,1.6837706164651107,0.4649147369937611,0.18701209355700252,182.66666666666666,4,True,65+,False,1.8109439378762688,9.583509742975455,False
KH00111370,12,29,Nam,Chuyên viên pháp lý nhà đất,Tài chính và pháp lý,Ninh Bình,64.79166666666667,48.3,0,74.20833333333333,0.826475,0.241725,0.8663194100069366,0.382306224848967,0.2142811256283562,61.333333333333336,2,True,25–34,False,18.594943198683183,13.910251221025932,False
KH00111405,12,81,Nữ,Quản lý trường quay,"Truyền thông, nghệ thuật và thiết kế",Gia Lai,66.14166666666667,54.0,0,79.38333333333334,0.6752833333333333,0.16411666666666666,1.4741570291744477,0.46528954501140934,0.20923981938294742,182.41666666666666,1,True,65+,False,3.5589216560582484,10.691756909007973,False
KH00111410,12,64,Nam,Nhà sản xuất phát thanh,"Truyền thông, nghệ thuật và thiết kế",Ninh Bình,63.875,44.0,0,77.60000000000001,0.7537333333333334,0.2748583333333333,1.5885119110169619,0.5329982058547981,0.19903668029973579,121.75,2,True,55–64,False,5.669404497287813,9.051413709231259,True
KH00111445,12,68,Nam,Nhà thiết kế nội thất,"Truyền thông, nghệ thuật và thiết kế",Cần Thơ,64.89166666666667,49.2,0,77.425,0.758425,0.205825,1.6204373295112227,0.49763401427273557,0.18864996018844782,121.66666666666667,3,True,65+,False,6.5406393578623545,8.609293687176816,True
KH00111485,12,52,Nữ,Cán bộ quản chế,Khu vực công và cộng đồng,Thành phố Hồ Chí Minh,66.77499999999999,51.7,0,77.74166666666666,0.684825,0.16355833333333333,1.5895401449087057,0.48752016229637407,0.20494689237885874,122.25,2,True,45–54,False,6.362652735839388,7.721535981747565,True
KH00111490,12,75,Nam,Kỹ sư mạng,Công nghệ thông tin,Cần Thơ,71.48333333333333,50.4,0,73.16666666666667,0.5142,0.15445,1.503360269263806,0.4693271255002908,0.20107251627047637,61.75,1,True,65+,False,9.218294544626684,10.87554977631838,True
KH00111525,12,23,Nữ,Cán bộ bảo tồn công trình di tích,Kỹ thuật và xây dựng,Đà Nẵng,62.258333333333326,51.8,0,82.59166666666667,0.9316749999999999,0.18559166666666668,0.9851188476540423,0.26161995490049456,0.26658527830370776,183.25,5,True,<25,True,0.18915691190114295,10.14597603584753,False
KH00111530,12,66,Nữ,Nhà vật lý y khoa,Y tế và chăm sóc sức khỏe,Đồng Tháp,61.35,50.7,0,79.03333333333333,0.8356083333333334,0.28805,1.523953635106837,0.5400642491369071,0.18642912287630675,243.16666666666666,2,True,65+,False,0.5186809977657314,8.046459043956363,False
KH00111565,12,64,Nam,Nhà sản xuất truyền hình,"Truyền thông, nghệ thuật và thiết kế",Lâm Đồng,63.25,47.6,0,77.81666666666666,0.9317333333333333,0.22105,1.5121311860984221,0.5078703614302312,0.19730622486054095,122.5,4,True,55–64,False,7.70006721041897,7.533183933804516,True
KH00111570,12,65,Nữ,Họa sĩ minh họa,"Truyền thông, nghệ thuật và thiết kế",Cần Thơ,66.16666666666667,53.8,0,77.95833333333333,0.7384499999999999,0.17579999999999998,1.3570544022949729,0.5321152048065402,0.18001260683872833,182.75,1,True,65+,False,2.858821384316233,7.1265859682668395,False
KH00111605,12,33,Nữ,Chuyên viên vật lý trị liệu,Y tế và chăm sóc sức khỏe,Ninh Bình,64.53333333333333,49.1,0,77.08333333333333,0.859625,0.17069166666666669,1.9344634569976524,0.5150765558130861,0.1806103086974901,122.08333333333333,2,True,25–34,False,0.25481278738477736,7.248557044263144,True
KH00111610,12,47,Nam,Chuyên viên trị liệu nghệ thuật,Y tế và chăm sóc sức khỏe,Đà Nẵng,62.49166666666667,42.6,0,78.85000000000001,0.9052250000000001,0.23991666666666664,1.8266036578091953,0.5376959231249918,0.1883161078933513,182.41666666666666,2,True,45–54,False,3.5002151906132513,5.959139100025036,True
KH00111645,12,25,Nam,Chuyên viên trị liệu bằng làm vườn,Y tế và chăm sóc sức khỏe,Gia Lai,63.50833333333333,53.0,0,83.825,0.7426583333333333,0.23651666666666668,1.0034445887039904,0.245220373693631,0.29384445809786114,183.0,1,True,25–34,False,0.6357542744106542,9.541485197582558,False
KH00111650,12,34,Nữ,Nhà khoa học y sinh,Khoa học và nghiên cứu,Tuyên Quang,68.575,54.3,0,78.99166666666666,0.5964833333333334,0.16425,1.603913463101856,0.539382680887416,0.19102415856331192,183.0,1,True,25–34,False,0.24082043768885636,4.772325925150758,False
KH00111685,12,80,Nữ,Cán bộ bình đẳng và đa dạng,Khu vực công và cộng đồng,Thanh Hóa,64.33333333333333,51.3,0,79.60000000000001,0.8666416666666666,0.17734166666666665,1.319119344482549,0.556287415296738,0.19958356039850159,244.0,3,True,65+,False,0.8821455000741872,8.219160959494683,False
KH00111725,12,42,Nam,Thư ký hành chính,Kinh doanh và dịch vụ,Thành phố Hồ Chí Minh,64.10833333333333,52.3,0,79.00833333333334,0.7531500000000001,0.269525,0.9589165016822614,0.3812253887335584,0.18246490000051704,244.25,1,True,35–44,False,21.49220847552917,8.26143265804159,False
KH00111730,12,56,Nam,Dược sĩ cộng đồng,Y tế và chăm sóc sức khỏe,Quảng Ninh,71.77499999999999,54.0,0,77.49166666666666,0.5160416666666666,0.11074166666666667,1.8508482224327063,0.4921800103077731,0.16188800819541863,182.91666666666666,1,True,55–64,False,8.487439658029977,7.266052537665358,True
KH00111765,12,25,Nam,Thanh tra công trình di tích,Kỹ thuật và xây dựng,Ninh Bình,57.975,44.6,0,83.10833333333333,0.8667666666666666,0.3096083333333333,2.2902785480943693,0.49415464334127407,0.2632272842961257,304.3333333333333,3,True,25–34,True,1.167144486433509,11.880753603127713,True
KH00111770,12,61,Nữ,Nhân viên phát triển cộng đồng,Khu vực công và cộng đồng,Bắc Ninh,66.43333333333334,51.7,0,78.91666666666667,0.6932583333333334,0.147575,1.8479021950741543,0.4416735787241404,0.2158358985868898,122.0,2,True,55–64,False,9.959567094302912,9.453053748403963,True
KH00111805,12,60,Nữ,Chuyên viên vệ sinh lao động,Y tế và chăm sóc sức khỏe,Hà Nội,66.91666666666667,55.8,0,77.05833333333334,0.6663166666666667,0.141875,1.7134791165145868,0.4654827867965528,0.185626877743275,122.08333333333333,1,True,55–64,False,3.6679107965867903,9.60577672394394,True
KH00111810,12,39,Nam,Quản lý nông trại,Nông nghiệp và môi trường,Đồng Tháp,70.02499999999999,54.2,0,72.99166666666666,0.5871583333333333,0.1698333333333333,0.9400988960141273,0.36483968099097747,0.1928991794687778,61.333333333333336,0,True,35–44,False,18.440524782752007,10.913508924092117,False
KH00111845,12,51,Nam,Nhân viên nghệ thuật cộng đồng,"Truyền thông, nghệ thuật và thiết kế",Hà Tĩnh,59.1,44.0,0,79.34166666666667,0.9671166666666666,0.2459916666666667,1.3619655956696546,0.5826737671694143,0.22905076584544604,121.75,4,True,45–54,False,0.49642671460420684,12.018179254676994,False
KH00111850,12,43,Nam,Thư ký công ty,Kinh doanh và dịch vụ,Hưng Yên,56.708333333333336,36.2,3,80.65833333333333,1.0020333333333333,0.22660833333333333,1.8751897490740461,0.5129028550997108,0.25088569866686117,122.25,4,True,35–44,True,2.9156195512479433,16.100555823871776,True
KH00111890,12,60,Nữ,Giám đốc tài chính,Tài chính và pháp lý,Hà Nội,76.35833333333333,63.5,0,79.88333333333334,0.37307500000000005,0.09301666666666668,1.4781419937411824,0.5358083348888626,0.202644009267124,243.25,0,True,55–64,False,2.3801795207514553,9.233916495819008,False
KH00111925,12,39,Nữ,Quản lý hậu cần và phân phối,Kinh doanh và dịch vụ,Hải Phòng,69.64166666666667,60.8,0,82.94166666666666,0.5435666666666666,0.18611666666666668,1.3000310122216978,0.43804623144362237,0.2711591957757897,182.91666666666666,0,True,35–44,False,0.12086671791902141,11.13501614491614,False
KH00111930,12,53,Nam,Cán bộ giáo dục bảo tàng,Giáo dục,Thành phố Hồ Chí Minh,60.208333333333336,48.5,0,81.575,0.9656250000000001,0.22040833333333332,1.9706515672983895,0.49103466355868736,0.2346030626249498,243.91666666666666,5,True,45–54,True,5.032341656395959,11.881225540016784,True
KH00111965,12,22,Nữ,Kỹ sư đóng tàu,Kỹ thuật và xây dựng,Thành phố Hồ Chí Minh,66.59166666666667,38.8,1,72.55,0.7669833333333332,0.21833333333333335,1.7382730870270218,0.4323569046243038,0.1660175734722855,61.75,2,True,<25,False,4.108596112847547,13.999213945982298,True
KH00111970,12,26,Nam,Giảng viên giáo dục thường xuyên,Giáo dục,An Giang,71.54166666666667,57.9,0,79.03333333333333,0.4656666666666667,0.12127500000000001,2.094911098421681,0.4546629429379004,0.19422281601915195,182.5,0,True,25–34,False,6.932063848892265,6.375002095956048,False
KH00112005,12,44,Nam,Kỹ sư viễn thông,Kỹ thuật và xây dựng,Đắk Lắk,75.22500000000001,67.9,0,78.58333333333333,0.4696416666666667,0.10238333333333333,0.9178745459206129,0.41177837304422793,0.18579068121198747,183.25,0,True,35–44,False,17.759697681074655,9.216316197290531,False
KH00112010,12,41,Nam,Quản lý hệ thống thông tin,Công nghệ thông tin,Huế,70.675,53.1,0,74.64166666666667,0.6612916666666666,0.148475,0.8300927173469018,0.4162521550813401,0.21710689914956313,61.416666666666664,2,True,35–44,False,16.62123889091119,11.212688554864027,False
KH00112050,12,51,Nam,Nhà thiết kế triển lãm,"Truyền thông, nghệ thuật và thiết kế",Vĩnh Long,61.98333333333333,50.6,0,78.825,0.7855833333333333,0.23925,1.6409844399454216,0.5026293398709657,0.19711251617550796,183.25,2,True,45–54,False,3.034850358008249,9.01173778535563,False
KH00112085,12,48,Nữ,Cán bộ quản lý thể thao,Khu vực công và cộng đồng,Thành phố Hồ Chí Minh,68.925,53.2,0,78.075,0.6541,0.13097499999999998,1.7128912910284253,0.5461287283786813,0.1971358066605805,122.25,2,True,45–54,False,0.17383881326036815,9.029630802164835,True
KH00112090,12,23,Nam,Nhà miễn dịch học,Khoa học và nghiên cứu,An Giang,63.300000000000004,51.3,0,81.91666666666667,0.7729333333333334,0.157525,2.164690966567577,0.4483962760479488,0.2382790228886823,365.5,2,True,<25,True,0.4000834340542378,8.389941815224049,False
KH00112125,12,44,Nam,Chuyên viên trị liệu bằng làm vườn,Y tế và chăm sóc sức khỏe,Đồng Nai,65.55833333333334,52.1,0,77.98333333333333,0.709175,0.27334166666666665,0.880917861727455,0.387175649193058,0.2014397174132585,122.41666666666667,2,True,35–44,False,18.043943989409698,9.514302399289248,False
KH00112130,12,48,Nữ,Nhà sản xuất truyền hình,"Truyền thông, nghệ thuật và thiết kế",Cần Thơ,64.64166666666667,29.7,1,72.28333333333333,0.8705083333333333,0.26790833333333336,1.160391225955523,0.6403688803703621,0.17391316833445317,61.333333333333336,3,True,45–54,False,0.19682160402912674,12.15484123469251,True
KH00112165,12,38,Nam,Nhà địa chất hiện trường,Khoa học và nghiên cứu,Lai Châu,61.71666666666667,51.5,0,80.68333333333334,0.7988916666666667,0.21040833333333334,1.9235929082081995,0.5240805290180067,0.21614966761143237,243.66666666666666,2,True,35–44,True,0.39820797989257795,7.891196098605851,False
KH00112170,12,21,Nam,Bác sĩ phẫu thuật,Y tế và chăm sóc sức khỏe,Thành phố Hồ Chí Minh,68.21666666666667,45.6,0,78.04166666666667,0.6550916666666667,0.15533333333333332,3.038598938216173,0.424280507482001,0.17568466332918012,182.75,2,True,<25,False,23.765887113732987,3.7976363067905554,True
KH00112205,12,46,Nam,Nhân viên pha chế cà phê,Kinh doanh và dịch vụ,Nghệ An,50.824999999999996,27.8,2,82.41666666666667,1.0416583333333334,0.36860833333333337,1.9501705956906743,0.4988248547914862,0.2591889080767004,182.75,5,True,45–54,True,0.734931505023498,11.27863509420114,True
KH00112210,12,33,Nam,Thủ thư học thuật,Giáo dục,Khánh Hòa,66.21666666666667,48.5,0,80.35833333333333,0.764875,0.18159999999999998,1.9908195880413544,0.5348733030229467,0.25122400303184406,122.25,3,True,25–34,False,0.4664150636297977,17.204078207175773,True
KH00112245,12,71,Nữ,Kỹ sư đóng tàu,Kỹ thuật và xây dựng,Thành phố Hồ Chí Minh,71.95833333333333,55.9,0,79.00833333333334,0.46725833333333333,0.15754166666666666,1.8588061951802102,0.4800265849365817,0.19311318905583377,182.41666666666666,0,True,65+,False,10.358018223280881,7.559265261033167,True
KH00112250,12,54,Nam,Chuyên viên viết nội dung quảng cáo,"Truyền thông, nghệ thuật và thiết kế",An Giang,68.80833333333334,53.6,0,77.71666666666667,0.6441083333333334,0.141425,1.4398057329863276,0.5168000316126058,0.19051741678828757,122.16666666666667,2,True,45–54,False,3.0804627109990785,10.727971440751377,False
KH00112285,12,38,Nam,Nhà môi giới hàng không,Kinh doanh và dịch vụ,An Giang,64.79166666666667,51.9,0,76.69166666666666,0.7561333333333332,0.25193333333333334,0.9700570215650277,0.3837613769801764,0.17062529959017478,122.25,1,True,35–44,False,24.53894128200968,7.9015918181805995,False
KH00112290,12,60,Nam,Quản lý dịch vụ ăn uống,Kinh doanh và dịch vụ,Hải Phòng,66.45,43.6,0,74.0,0.6560166666666667,0.25745833333333334,1.3906341552779005,0.47497064481942647,0.20694273617827863,61.416666666666664,1,True,55–64,False,0.34114740890980166,9.625482371307568,True
KH00112325,12,40,Nữ,Điều dưỡng nhi khoa,Y tế và chăm sóc sức khỏe,Thành phố Hồ Chí Minh,66.72500000000001,55.0,0,79.43333333333334,0.5692166666666667,0.19653333333333334,2.3039906325482713,0.5047496850001773,0.19200162747221924,244.16666666666666,0,True,35–44,False,0.30486501182235276,8.210379814182232,False
KH00112330,12,51,Nam,Chuyên viên trị liệu nghề nghiệp,Y tế và chăm sóc sức khỏe,Thành phố Hồ Chí Minh,69.04166666666667,57.0,0,77.94166666666666,0.61335,0.136025,1.4497190128583641,0.48622503524898586,0.2030091617091636,121.66666666666667,0,True,45–54,False,0.42487371597111573,8.09311116384717,False
KH00112365,12,71,Nam,Bác sĩ tâm thần,Y tế và chăm sóc sức khỏe,Ninh Bình,70.10833333333333,48.3,0,71.375,0.5234666666666666,0.16849166666666668,1.757504549576785,0.45510898304684333,0.15991887886632927,61.166666666666664,2,True,65+,False,9.402154491673954,5.6791451372612824,True
KH00112405,12,63,Nam,Chuyên viên tư vấn nông nghiệp,Nông nghiệp và môi trường,Hà Nội,70.93333333333334,53.3,0,76.86666666666666,0.6171333333333333,0.14068333333333333,1.405496139272959,0.5741319388857935,0.16104913313002664,181.5,1,True,55–64,False,1.0072215707335048,6.965736328137961,False
KH00112410,12,63,Nữ,Giáo viên dạy nhạc,Giáo dục,Đồng Nai,68.875,49.1,0,79.39166666666667,0.6572416666666666,0.17221666666666668,1.452806297412814,0.5551624916727197,0.19527933609030665,242.41666666666666,1,True,55–64,False,2.4143825490298587,9.634625454988004,False
KH00112445,12,58,Nữ,Kỹ sư khoan,Kỹ thuật và xây dựng,Đà Nẵng,67.41666666666667,48.3,0,73.93333333333334,0.5999916666666666,0.23413333333333333,1.4318191449206559,0.47507101805175606,0.2025796232496343,60.833333333333336,1,True,55–64,False,3.137727890792038,11.3112297712702,True
KH00112450,12,45,Nam,Chuyên viên di truyền tế bào lâm sàng,Y tế và chăm sóc sức khỏe,An Giang,65.86666666666666,42.2,0,74.25833333333334,0.8251416666666667,0.1903,1.3200380323651133,0.5264540305232223,0.21782290366234278,61.416666666666664,2,True,45–54,False,0.3003424105113428,6.63621999325444,True
KH00112485,12,20,Nữ,Chuyên viên pháp lý nhà đất,Tài chính và pháp lý,Quảng Trị,60.01666666666667,43.6,0,79.66666666666667,0.8413499999999999,0.32089166666666663,1.839361270186761,0.5023414259153322,0.2058551797463762,183.16666666666666,3,True,<25,False,2.6563701665781316,7.777319685713606,True
KH00112490,12,77,Nữ,Giám đốc tiếp thị,Kinh doanh và dịch vụ,An Giang,78.33333333333333,66.6,0,76.22500000000001,0.32121666666666665,0.08231666666666666,1.5113180424811803,0.5479206120333565,0.17578140213821358,121.91666666666667,0,True,65+,False,1.6358382129493958,6.39723537605715,False
KH00112525,12,74,Nam,Chuyên viên trị liệu nghề nghiệp,Y tế và chăm sóc sức khỏe,Nghệ An,65.45,45.6,0,79.05,0.6479750000000001,0.230675,1.6454820603743936,0.4648218611692427,0.21775200144497078,122.33333333333333,2,True,65+,False,2.617904239136153,12.530351788060234,False
KH00112530,12,81,Nữ,Chuyên viên quan hệ công chúng,"Truyền thông, nghệ thuật và thiết kế",Đồng Nai,67.52499999999999,49.3,0,79.31666666666666,0.6256416666666667,0.1909,1.7280228111552096,0.5194155449882347,0.18938202848959795,242.91666666666666,1,True,65+,False,5.045427155375515,8.617529956125676,False
KH00112565,12,84,Nữ,Nhà hóa sinh lâm sàng,Khoa học và nghiên cứu,Hà Nội,65.49166666666666,37.1,1,69.79166666666667,0.8602666666666666,0.22874166666666665,1.7179270754985827,0.49154982794043534,0.1256078028569553,61.666666666666664,4,True,65+,False,23.42251327285277,3.307593005217703,True
KH00112570,12,60,Nữ,Dược sĩ bệnh viện,Y tế và chăm sóc sức khỏe,Khánh Hòa,68.76666666666667,49.6,0,73.85000000000001,0.6426999999999999,0.14971666666666666,1.7718120282176002,0.5002445685548843,0.20109704768307976,61.333333333333336,2,True,55–64,False,0.35991080176739626,2.2515700440342847,True
KH00112605,12,34,Nam,Nhà địa chất công trình,Khoa học và nghiên cứu,Đồng Nai,67.3,50.5,0,79.29166666666667,0.7075166666666667,0.2293166666666667,0.8896792077744532,0.4010085137108368,0.18797172789113623,243.83333333333334,1,True,25–34,False,17.509363200307963,9.047144451743337,False
KH00112610,12,66,Nữ,Nhà tâm lý học nghề nghiệp,Y tế và chăm sóc sức khỏe,Đồng Tháp,66.33333333333333,53.0,0,80.175,0.7046833333333332,0.20203333333333331,1.3729361530386983,0.5440850558340823,0.20938129855696005,243.58333333333334,1,True,65+,False,1.130218824705207,8.45114652920798,False
KH00112645,12,48,Nữ,Nhà tâm lý học nghề nghiệp,Y tế và chăm sóc sức khỏe,Tây Ninh,66.375,50.6,0,80.10833333333333,0.6641,0.14530833333333334,2.8940560328365614,0.46887764847768293,0.20397701475055632,243.75,2,True,45–54,False,11.724337122401298,10.154396096320568,True
KH00112650,12,21,Nữ,Kỹ sư sản xuất,Kỹ thuật và xây dựng,Hà Nội,73.39166666666667,63.1,0,81.3,0.46313333333333334,0.10458333333333332,1.0064000510457467,0.2613484278330651,0.27687783131043014,121.33333333333333,0,True,<25,False,0.23064414241852024,10.882312724527722,False
KH00112685,12,40,Nam,Kỹ sư dầu khí,Kỹ thuật và xây dựng,Thanh Hóa,72.61666666666666,54.4,0,79.10000000000001,0.498375,0.1899666666666667,0.86566868651671,0.415013584435614,0.18403450225514237,243.58333333333334,1,True,35–44,False,17.98634265038177,8.009825915329767,False
KH00112690,12,42,Nữ,Chuyên viên tư vấn tài chính,Tài chính và pháp lý,Hà Nội,67.28333333333333,51.1,0,78.35000000000001,0.6089166666666667,0.19286666666666666,1.8059466685065457,0.5393157803227479,0.16719777022785853,304.0833333333333,1,True,35–44,False,4.054761504366671,3.918386604716611,False
KH00112765,12,33,Nam,Cán bộ xuất nhập cảnh,Khu vực công và cộng đồng,Thành phố Hồ Chí Minh,67.77499999999999,55.7,0,80.0,0.6366916666666667,0.23065,0.8909195081997677,0.39056533345229066,0.2036572440875335,243.75,1,True,25–34,False,17.04060496584578,10.900664984597118,False
KH00112770,12,75,Nữ,Nhà địa chất thủy văn,Khoa học và nghiên cứu,Đồng Nai,67.64166666666667,51.9,0,72.00833333333334,0.7831416666666667,0.16635833333333333,1.2308765447963674,0.5839886973414603,0.18354369789314107,61.5,3,True,65+,False,0.8192454640406357,8.1826733666974,True
KH00112805,12,30,Nữ,Trợ lý sản xuất truyền hình,"Truyền thông, nghệ thuật và thiết kế",Cần Thơ,61.208333333333336,48.6,0,78.49166666666666,0.9249666666666667,0.229425,2.191220784306459,0.5301415672009716,0.17249726494582973,303.8333333333333,3,True,25–34,False,5.392964528084576,4.880139489293116,True
KH00112810,12,54,Nữ,Cán bộ quản lý chất thải,Nông nghiệp và môi trường,Thành phố Hồ Chí Minh,72.26666666666667,57.6,0,76.88333333333334,0.4916333333333333,0.13925,1.3690880478155947,0.48736473478606723,0.17386732430623833,121.91666666666667,0,True,45–54,False,1.1895569500861451,9.754853259889918,False
KH00112845,12,40,Nam,Chuyên viên nghiên cứu thị trường,Kinh doanh và dịch vụ,Đồng Nai,63.49166666666667,51.5,0,79.38333333333334,0.8675916666666668,0.17742500000000003,1.7529870925238737,0.5329983979936549,0.18984307353028881,243.25,3,True,35–44,False,0.73683293614189,5.3554211978877015,True
KH00112850,12,93,Nam,Chuyên viên thẩm định bảo hiểm,Tài chính và pháp lý,Hà Nội,66.08333333333333,53.2,0,76.33333333333333,0.6644416666666667,0.18987500000000002,1.5170757411424294,0.4550174063651567,0.1727167066118087,121.58333333333333,1,True,65+,False,2.499824438927466,5.714822724625228,False
KH00112885,12,93,Nam,Quản lý dịch vụ y tế,Y tế và chăm sóc sức khỏe,Phú Thọ,67.72500000000001,57.6,0,78.88333333333334,0.6854916666666666,0.143675,1.5916423389607128,0.5516971843970289,0.18991887488797868,182.75,1,True,65+,False,3.1015916516605713,7.5136447175450645,True
KH00112890,12,41,Nam,Biên tập viên đặt bài,"Truyền thông, nghệ thuật và thiết kế",Đắk Lắk,65.30833333333334,51.0,0,79.27499999999999,0.7489833333333333,0.190125,1.582243495042331,0.5413935453766717,0.18841577470936563,243.5,2,True,35–44,False,0.9692543715462045,5.230827032358052,False
KH00112925,12,28,Nữ,Nhà giao dịch hợp đồng tương lai,Tài chính và pháp lý,Cần Thơ,72.375,62.1,0,77.55,0.49618333333333337,0.10791666666666666,1.3823527829782192,0.4412966811295233,0.18736020338023074,121.83333333333333,0,True,25–34,False,1.8704392836204544,5.757607462194072,False
KH00112930,12,45,Nam,Giáo viên tiếng anh,Giáo dục,Hà Nội,68.98333333333333,51.5,0,78.95833333333333,0.6163666666666666,0.171625,1.5865376598927983,0.551761590342784,0.21479239152083074,122.33333333333333,2,True,45–54,False,2.1018863216679855,8.752391591502363,False
KH00112970,12,74,Nữ,Kỹ sư cơ điện công trình,Kỹ thuật và xây dựng,Thành phố Hồ Chí Minh,70.52499999999999,57.5,0,79.05833333333334,0.5425416666666667,0.16641666666666666,1.4567924559992802,0.5339155472252798,0.19568847717925783,182.5,0,True,65+,False,1.7076091335949364,9.035004281261367,False
KH00113005,12,91,Nữ,Kỹ sư hóa học,Kỹ thuật và xây dựng,Hà Nội,69.44166666666666,58.3,0,78.23333333333333,0.5667916666666667,0.13488333333333333,1.739425445093354,0.473970204257947,0.1796715039219671,183.0,0,True,65+,False,3.6901202513352485,7.764157443187661,False
KH00113010,12,34,Nữ,Giáo viên dạy nhạc,Giáo dục,Thanh Hóa,61.85833333333333,50.9,0,81.54166666666667,0.7745833333333333,0.27358333333333335,1.3002669354289198,0.4262942967442138,0.27178035401922823,122.41666666666667,2,True,25–34,True,0.44802931900983545,14.245196300083041,False
KH00113045,12,34,Nam,Nhân viên tư vấn hỗ trợ,Khu vực công và cộng đồng,Vĩnh Long,64.20833333333333,35.4,1,74.63333333333334,0.7744583333333334,0.22334166666666666,0.8557017012660979,0.42096770512758397,0.22189791739786488,61.5,2,True,25–34,False,18.501026727324884,8.68371990251898,False
KH00113085,12,28,Nữ,Kỹ thuật viên chẩn đoán hình ảnh,Y tế và chăm sóc sức khỏe,Phú Thọ,65.75,54.6,0,81.60833333333333,0.71705,0.20808333333333331,1.2403509114270899,0.46924241646907056,0.2704919024725339,122.0,1,True,25–34,False,0.2128481728040408,13.021961842279536,False
KH00113090,12,65,Nam,Bác sĩ bệnh viện,Y tế và chăm sóc sức khỏe,Cần Thơ,68.85,41.9,0,75.70833333333333,0.5518416666666667,0.21926666666666664,2.0984236521139166,0.46000361611365087,0.15365234522890328,121.75,1,True,65+,False,20.72730074089953,6.095640348879272,True
KH00113125,12,55,Nam,Giáo viên dạy nhạc,Giáo dục,Ninh Bình,63.43333333333334,50.6,0,79.80833333333334,0.8158,0.253425,1.3817269820982139,0.5533916399716456,0.20136278977902586,243.91666666666666,3,True,55–64,False,0.411694797162978,8.448121699969986,False
KH00113130,12,30,Nam,Người bán sách,Kinh doanh và dịch vụ,Cần Thơ,64.64166666666667,43.9,0,73.46666666666667,0.9044249999999999,0.204,0.9235095582772636,0.3952854618239723,0.1927440925192724,61.666666666666664,3,True,25–34,False,18.98192618193721,11.680191518230336,False
KH00113165,12,94,Nữ,Nhà thủy văn học,Khoa học và nghiên cứu,Hưng Yên,58.31666666666666,33.0,1,77.16666666666667,0.9027166666666666,0.32350833333333334,2.073813369663848,0.44895665694028425,0.16135254733697504,183.16666666666666,2,True,65+,False,10.316917897348874,7.129213651190482,True
KH00113170,12,41,Nữ,Chuyên viên công nghệ dệt may,Kỹ thuật và xây dựng,Lâm Đồng,62.458333333333336,49.0,0,82.04166666666667,0.868375,0.21271666666666667,1.7707889983934748,0.4569711340994713,0.25684253527428913,182.5,4,True,35–44,True,5.206064861223281,12.41510858228187,True
KH00113205,12,87,Nữ,Chuyên viên dự toán xây dựng,Kỹ thuật và xây dựng,Thanh Hóa,64.80833333333334,48.6,0,76.175,0.69525,0.23475833333333332,1.7057343365445004,0.4835380214677736,0.16347805799356704,122.08333333333333,2,True,65+,False,10.321340655032222,3.242540444586326,True
KH00113210,12,94,Nữ,Kỹ sư kinh doanh kỹ thuật,Kỹ thuật và xây dựng,Hải Phòng,71.48333333333333,54.8,0,78.95833333333333,0.5413666666666667,0.11303333333333333,1.7321184835721832,0.5408313340608063,0.187050189670556,243.58333333333334,1,True,65+,False,4.96241797329453,6.833962482997142,False
KH00113245,12,48,Nữ,Bác sĩ phẫu thuật thần kinh,Y tế và chăm sóc sức khỏe,Vĩnh Long,72.61666666666666,52.8,0,78.60000000000001,0.45660833333333334,0.1565,1.8473893039136542,0.5355336247799225,0.20626566094577856,122.41666666666667,0,True,45–54,False,0.22057888077498689,13.798624620359599,True
KH00113250,12,37,Nữ,Chuyên viên cắt tỉa cây,Nông nghiệp và môi trường,Bắc Ninh,63.15,49.7,0,79.38333333333334,0.7604916666666667,0.2242333333333333,1.9667379136345693,0.5150431431447594,0.18769264221576187,365.3333333333333,2,True,35–44,False,1.249878235243591,6.543434068443229,False
KH00113285,12,32,Nữ,Phi công hàng không,Kinh doanh và dịch vụ,Hà Nội,73.33333333333333,60.5,0,82.24166666666666,0.4276333333333333,0.15685000000000002,1.3317383891230434,0.46020470826400034,0.24859220869275,242.41666666666666,0,True,25–34,False,0.17290333198738236,11.723556170350772,False
KH00113290,12,27,Nam,Kỹ thuật viên phòng thí nghiệm giảng dạy,Giáo dục,Ninh Bình,63.083333333333336,48.4,0,81.3,0.9108166666666667,0.19185833333333335,1.5932192546590997,0.5155633495990329,0.25888631438460624,122.25,4,True,25–34,True,1.4068747031085918,8.903957299260652,True
KH00113325,12,48,Nam,Thanh tra công trình di tích,Kỹ thuật và xây dựng,Thành phố Hồ Chí Minh,66.24166666666666,52.0,0,82.18333333333334,0.6840666666666667,0.17625833333333332,1.7656445608616274,0.5218027931579502,0.24369191025606277,304.4166666666667,2,True,45–54,False,1.6581031800561146,8.488651848311392,False
KH00113330,12,53,Nam,Lập trình viên đa phương tiện,Công nghệ thông tin,Tây Ninh,71.31666666666666,52.0,0,79.72500000000001,0.5403833333333333,0.12665,1.6122481308419685,0.48752385537041015,0.20878701074067388,183.16666666666666,1,True,45–54,False,5.069671138709672,8.882148361271422,True
KH00113365,12,52,Nữ,Phóng viên ảnh,"Truyền thông, nghệ thuật và thiết kế",An Giang,61.25,47.5,0,78.10000000000001,0.7930083333333333,0.28189166666666665,1.6984323913556318,0.465570766418064,0.17648009060685624,183.08333333333334,3,True,45–54,False,5.666845722840539,6.88175981948675,True
KH00113370,12,38,Nam,Chuyên viên an toàn lao động,Y tế và chăm sóc sức khỏe,Hải Phòng,61.550000000000004,42.1,0,73.21666666666667,0.9387500000000001,0.26039166666666663,0.9743703217603824,0.3730026595789502,0.17880335950434734,61.833333333333336,3,True,35–44,False,21.03247145442758,11.836684114471435,False
KH00113405,12,28,Nữ,Cán bộ triển lãm bảo tàng,"Truyền thông, nghệ thuật và thiết kế",Nghệ An,62.708333333333336,51.3,0,83.76666666666667,0.77645,0.2320333333333333,1.4698924387653145,0.432421988515594,0.2892887762346767,182.75,1,True,25–34,True,1.3359895475030332,15.19423761387506,False
KH00113410,12,48,Nữ,Bác sĩ chuyên khoa bàn chân,Y tế và chăm sóc sức khỏe,Lào Cai,73.45833333333333,67.9,0,81.53333333333333,0.4355833333333334,0.11113333333333335,1.4830519560114996,0.4431023331439073,0.23325060589831062,243.75,0,True,45–54,False,2.5023088298223177,10.180728428821897,False
KH00113445,12,32,Nữ,Chuyên viên phục chế bảo tàng,"Truyền thông, nghệ thuật và thiết kế",Lâm Đồng,68.72500000000001,56.4,0,78.125,0.6427166666666667,0.13169166666666668,1.7814294370907013,0.5651038221652744,0.19945191399952242,122.66666666666667,1,True,25–34,False,0.23983963872914,6.687419181980426,True
KH00113450,12,32,Nam,Chuyên viên trị liệu nghệ thuật,Y tế và chăm sóc sức khỏe,An Giang,64.95833333333333,52.1,0,80.19166666666666,0.660825,0.16588333333333335,2.384025203279366,0.48070231309687056,0.20419358482521918,304.1666666666667,1,True,25–34,False,4.632224001915644,6.2705964633581885,False
KH00113485,12,52,Nữ,Chuyên viên tư vấn tài chính,Tài chính và pháp lý,Thành phố Hồ Chí Minh,63.19166666666666,45.2,0,77.28333333333333,0.73325,0.2923,1.4798257965655681,0.4815739607219562,0.1984842968334514,122.58333333333333,1,True,45–54,False,5.297642116741332,8.090874903109686,True
KH00113490,12,49,Nam,Chuyên viên hoạch định truyền thông,"Truyền thông, nghệ thuật và thiết kế",Lâm Đồng,62.76666666666667,52.0,0,80.73333333333333,0.7913083333333333,0.20475,1.8745301800476988,0.49129089487512295,0.25167310719279495,122.58333333333333,2,True,45–54,True,0.575943826727895,10.5387593713217,True
KH00113525,12,32,Nữ,Chuyên viên làm vườn thương mại,Nông nghiệp và môi trường,Thanh Hóa,64.45,51.9,0,82.125,0.7455916666666665,0.22085,1.2560553490265753,0.4297937023124108,0.28367419362940144,121.58333333333333,1,True,25–34,False,0.618783777646578,11.51682133107266,False
KH00113565,12,45,Nữ,Nhà thiết kế gốm sứ,"Truyền thông, nghệ thuật và thiết kế",Đà Nẵng,60.01666666666667,38.2,1,81.27499999999999,0.8998166666666667,0.32339999999999997,1.5471837150914685,0.44704401058821003,0.23608163315149044,182.5,2,True,45–54,True,4.996828322306181,9.31420907414263,True
KH00113570,12,48,Nữ,Chuyên viên trắc địa,Kỹ thuật và xây dựng,Lào Cai,66.29166666666667,52.2,0,80.61666666666666,0.7435499999999999,0.15333333333333332,1.9130589477098907,0.5380342583174702,0.22356962498908262,183.41666666666666,2,True,45–54,False,0.2516168749516552,10.838448030183796,True
KH00113605,12,67,Nữ,Kiến trúc sư,Kỹ thuật và xây dựng,Ninh Bình,72.77499999999999,57.1,0,79.46666666666667,0.4624166666666667,0.11829166666666667,1.6767650756936658,0.5122704047513368,0.19713625993801998,243.75,0,True,65+,False,5.040096727003423,8.948778307166904,False
KH00113610,12,23,Nữ,Chuyên viên kinh doanh công nghệ thông tin,Công nghệ thông tin,Hà Nội,69.475,57.1,0,83.35833333333333,0.591875,0.126575,1.0402313285338984,0.2593003513118529,0.26706305235160466,365.3333333333333,1,True,<25,False,0.38712027143444616,10.774017916194314,False
KH00113645,12,44,Nữ,Nhà giao dịch tài chính,Tài chính và pháp lý,Bắc Ninh,71.01666666666667,57.4,0,77.96666666666667,0.49866666666666665,0.11883333333333335,2.2341614012258018,0.5135246416837508,0.16395934439394447,244.25,0,True,35–44,False,0.16799359988568538,6.187302052868629,False
KH00113650,12,16,Nữ,Nhà trị liệu tâm lý trẻ em,Y tế và chăm sóc sức khỏe,Hà Nội,66.11666666666666,49.2,0,82.75833333333334,0.7398166666666667,0.14807499999999998,1.313518065467471,0.2596111327304933,0.25517459741665677,364.4166666666667,1,True,<25,False,3.654078503435343,8.119318204344431,True
KH00113725,12,23,Nữ,Chủ nhiệm ánh sáng trường quay,"Truyền thông, nghệ thuật và thiết kế",Ninh Bình,63.1,47.7,0,82.73333333333333,0.9301583333333333,0.19155,1.004505158165687,0.24704727958031714,0.3022976504385149,122.91666666666667,3,True,<25,True,0.2587515974112177,13.44839970438439,False
KH00113730,12,56,Nữ,Nhà địa hóa học,Khoa học và nghiên cứu,Nghệ An,68.35833333333333,58.5,0,77.625,0.6551083333333333,0.1374,1.409334096011713,0.520672087092802,0.1926520686282942,122.16666666666667,0,True,55–64,False,1.7873992184290581,6.904487102914055,False
KH00113765,12,51,Nam,Quản trị viên nghệ thuật,"Truyền thông, nghệ thuật và thiết kế",Cà Mau,60.333333333333336,45.5,0,73.23333333333333,0.9391416666666667,0.3169416666666667,1.3432304736143441,0.5116639399717049,0.19810917818592344,61.333333333333336,5,True,45–54,False,1.6121218321768382,10.147942080968688,True
KH00113770,12,30,Nam,Chuyên viên tư vấn thuế,Tài chính và pháp lý,Thành phố Hồ Chí Minh,61.791666666666664,43.9,0,79.98333333333333,0.8109666666666667,0.25521666666666665,2.1695192478738616,0.47802256562466544,0.24040818411193343,122.16666666666667,3,True,25–34,False,3.84993050486466,14.569060165788395,True
KH00113805,12,61,Nam,Kỹ sư khoan,Kỹ thuật và xây dựng,Gia Lai,70.675,51.3,0,74.49166666666666,0.5671916666666666,0.12073333333333332,1.6381856285822858,0.46564556113150607,0.21670954360815695,61.5,2,True,55–64,False,0.24344148952384118,15.508553012605752,True
KH00113810,12,35,Nữ,Chuyên viên cây xanh cảnh quan,Nông nghiệp và môi trường,Hải Phòng,67.175,51.8,0,78.16666666666667,0.7145416666666667,0.16173333333333334,1.9094046741639514,0.5414857403156202,0.1755159345962356,182.75,2,True,35–44,False,0.33063027436924725,7.707359062518675,True
KH00113845,12,31,Nam,Chuyên viên công nghệ dệt may,Kỹ thuật và xây dựng,Vĩnh Long,67.85833333333333,56.9,0,79.20833333333333,0.779875,0.15456666666666666,0.8773028377306152,0.4126696404361092,0.19763608376449607,182.75,3,True,25–34,False,17.722915066040056,9.317638545770246,False
KH00113850,12,24,Nữ,Chuyên viên phân tích hệ thống,Công nghệ thông tin,Phú Thọ,68.0,51.2,0,77.825,0.6342916666666666,0.14810833333333334,1.0390520662647724,0.2448219834477833,0.2797345288944005,61.166666666666664,1,True,<25,False,0.2119250476423524,10.823378491609756,False
KH00113885,12,32,Nam,Nhà khoa học thổ nhưỡng,Nông nghiệp và môi trường,Hưng Yên,70.40833333333333,58.1,0,79.09166666666667,0.5910916666666667,0.14529166666666668,0.9707527783718879,0.37716757582025257,0.19499812920217688,182.83333333333334,0,True,25–34,False,20.38821783495014,9.917863900842994,False
KH00113890,12,66,Nam,Quản trị viên,Kinh doanh và dịch vụ,Đồng Tháp,61.21666666666667,51.0,0,79.70833333333333,0.8487416666666667,0.24631666666666666,1.8606235584488753,0.5157036703890933,0.19582390319631723,243.41666666666666,2,True,65+,False,4.368853411201387,9.905954599298585,True
KH00113930,12,23,Nữ,Giáo viên giáo dục đặc biệt,Giáo dục,Thành phố Hồ Chí Minh,67.00833333333334,45.8,0,78.84166666666667,0.6715583333333334,0.20895833333333333,1.5940270332446618,0.511838459592564,0.18888262760336896,183.41666666666666,2,True,<25,False,0.7067380878546053,10.851945305231878,False
KH00113965,12,25,Nữ,Điều dưỡng nhi khoa,Y tế và chăm sóc sức khỏe,Lâm Đồng,52.73333333333333,3.6,3,75.79166666666667,1.1702416666666666,0.2634166666666667,1.842129887126185,0.43895284192683687,0.22458933419304836,62.083333333333336,3,True,25–34,False,22.543780631173945,11.685039009420278,True
KH00113970,12,47,Nữ,Kỹ sư ô tô,Kỹ thuật và xây dựng,Thành phố Hồ Chí Minh,68.94166666666668,46.7,0,78.125,0.5247166666666666,0.20671666666666666,2.141703097359254,0.519189727708394,0.16464693292762989,243.25,1,True,45–54,False,7.840338647562249,6.003410107308923,True
KH00114005,12,37,Nữ,Kế toán công chứng,Tài chính và pháp lý,Hưng Yên,71.925,63.7,0,79.73333333333333,0.5237916666666667,0.143725,1.2018261596928728,0.46250954891702745,0.2373960120470069,122.33333333333333,0,True,35–44,False,0.2098739245888907,9.620496081661067,False
KH00114010,12,69,Nữ,Cán bộ giáo dục cộng đồng,Giáo dục,Phú Thọ,62.275,47.9,0,80.91666666666667,0.7848833333333333,0.29518333333333335,1.446489848768821,0.5482324007830338,0.22376601350642178,243.08333333333334,2,True,65+,True,0.4960324615146062,9.309516683314522,False
KH00114045,12,33,Nữ,Chuyên viên khảo sát khoáng sản,Kỹ thuật và xây dựng,Hưng Yên,62.44166666666666,50.8,0,79.81666666666668,0.7739416666666666,0.19520833333333332,2.177332394913402,0.5042282316674886,0.19642417144875177,365.5,2,True,25–34,False,2.4375906216257905,7.416103655714947,False
KH00114050,12,30,Nam,Giảng viên công nghệ thông tin,Công nghệ thông tin,Thái Nguyên,68.225,52.8,0,81.11666666666666,0.5693166666666666,0.14625833333333335,2.233365886161954,0.49897920421909103,0.22480153650289192,243.5,1,True,25–34,False,3.299640855099797,7.84483671478745,False
KH00114085,12,30,Nữ,Chuyên viên dựng phim,"Truyền thông, nghệ thuật và thiết kế",Cần Thơ,61.291666666666664,50.6,0,81.80833333333334,0.8284416666666666,0.23677499999999999,1.5085369954248653,0.45527838629344547,0.23625507966529272,304.5,2,True,25–34,True,1.4104677686646279,10.713515134930326,False
KH00114090,12,64,Nữ,Chuyên viên dựng phim,"Truyền thông, nghệ thuật và thiết kế",Hải Phòng,62.93333333333334,50.2,0,77.00833333333334,0.7390833333333333,0.28776666666666667,1.3980002915891312,0.5572036174047554,0.1885096794751697,122.16666666666667,2,True,55–64,False,0.29529432467471833,9.31501413175029,False
KH00114125,12,33,Nam,Nhà tâm lý học lâm sàng,Y tế và chăm sóc sức khỏe,Khánh Hòa,68.40833333333333,48.0,0,79.06666666666666,0.6797666666666666,0.17963333333333334,1.4337467465733102,0.529559693126866,0.22376434656606028,121.75,2,True,25–34,False,0.3537669991440139,8.406129388959911,False
KH00114130,12,21,Nữ,Chuyên viên trị liệu thể thao,Y tế và chăm sóc sức khỏe,Đồng Nai,64.55833333333334,52.0,0,80.55,0.73915,0.14355833333333334,2.1009094587207575,0.46066790937234336,0.21225916178186902,303.9166666666667,1,True,<25,False,1.8197781234960126,8.43190164311358,False
KH00114165,12,72,Nữ,Quản lý phòng tranh,"Truyền thông, nghệ thuật và thiết kế",Đồng Nai,66.79166666666667,49.6,0,78.38333333333334,0.6263416666666667,0.23805833333333334,1.3365147775807928,0.506444500881238,0.20810526824666822,122.5,0,True,65+,False,0.8270709642413683,8.669970888070369,False
KH00114170,12,31,Nam,Chuyên viên tư vấn công nghệ thông tin,Công nghệ thông tin,Nghệ An,62.85833333333333,48.2,0,76.81666666666666,0.86915,0.17465,2.225542055272069,0.47141062418479335,0.17306516388525936,121.83333333333333,2,True,25–34,False,6.976859760581432,7.038758850519354,True
KH00114205,12,75,Nữ,Lập trình viên hệ thống,Công nghệ thông tin,Huế,66.14999999999999,56.2,0,79.23333333333333,0.6557833333333333,0.21872499999999997,1.5930552156139388,0.5158295154710956,0.19182976482017014,243.0,1,True,65+,False,3.559359474481753,8.560147778019829,False
KH00114245,12,57,Nữ,Nhà địa chất hiện trường,Khoa học và nghiên cứu,Thành phố Hồ Chí Minh,67.25,46.8,0,76.33333333333333,0.7004583333333333,0.18711666666666668,1.750500935679755,0.5097492625931374,0.1684947871786677,122.0,1,True,55–64,False,9.125928651232181,6.51844813560924,True
KH00114250,12,46,Nam,Luật sư tư vấn (Scotland),Tài chính và pháp lý,Tây Ninh,73.64999999999999,56.2,0,73.425,0.47655833333333336,0.16131666666666666,0.8306959667885533,0.4090885323098245,0.202138099533992,61.666666666666664,0,True,45–54,False,15.339260252376263,11.096323534228448,False
KH00114290,12,73,Nữ,Quản lý trung tâm thể hình,Kinh doanh và dịch vụ,Đồng Nai,67.43333333333334,50.7,0,76.94166666666668,0.640775,0.21489166666666668,1.3674699895982079,0.4942688843234617,0.18271191713392687,122.25,2,True,65+,False,0.42967681183732725,8.609884957085676,False
KH00114325,12,65,Nam,Chuyên viên ngân hàng bán lẻ,Tài chính và pháp lý,Bắc Ninh,69.00833333333334,52.4,0,78.0,0.6116833333333334,0.21394166666666667,1.2821704066078734,0.5628325740993639,0.16539539192151917,243.0,1,True,65+,False,2.0236071145328816,4.885217969041615,False
KH00114330,12,43,Nữ,Chuyên viên vật lý trị liệu,Y tế và chăm sóc sức khỏe,Khánh Hòa,66.55833333333334,55.1,0,81.31666666666666,0.6990999999999999,0.1401,1.5060818076373195,0.4360858990830812,0.22721325637057546,303.1666666666667,1,True,35–44,False,2.565100623166999,10.204095822340257,False
KH00114365,12,42,Nam,Nhà báo,"Truyền thông, nghệ thuật và thiết kế",Tuyên Quang,63.208333333333336,53.5,0,82.39999999999999,0.7476416666666666,0.17079166666666667,2.2587827357274413,0.48297816361279206,0.24811426937021594,304.3333333333333,3,True,35–44,True,0.36757260130217656,9.67275392014888,False
KH00114370,12,59,Nam,Kỹ thuật viên chẩn đoán hình ảnh,Y tế và chăm sóc sức khỏe,Thành phố Hồ Chí Minh,65.72500000000001,55.3,0,72.79166666666667,0.7532916666666667,0.16348333333333334,1.4179319249137219,0.5025845682096233,0.18738690359249033,61.166666666666664,1,True,55–64,False,0.423384763196072,5.736885297974976,True
KH00114405,12,25,Nam,Biên tập viên chuyên đề tạp chí,"Truyền thông, nghệ thuật và thiết kế",Cà Mau,61.975,47.3,0,80.53333333333333,0.8873583333333332,0.21290833333333334,2.334366540549231,0.47465038321361447,0.22257000364886328,182.25,4,True,25–34,True,1.0119779524888772,12.368163411218914,True
KH00114410,12,48,Nam,Người dẫn chương trình phát sóng,"Truyền thông, nghệ thuật và thiết kế",Quảng Ngãi,63.40833333333333,53.0,0,78.34166666666667,0.7798416666666667,0.27376666666666666,0.9529661324968529,0.3934211400548094,0.17145901368508018,243.75,1,True,45–54,False,20.71497717044639,7.144654066351616,False
KH00114445,12,43,Nữ,Nhà kinh tế học,Khoa học và nghiên cứu,Nghệ An,64.10833333333333,45.3,0,71.14999999999999,0.8756166666666667,0.21483333333333335,1.6462772156281351,0.5374477427534025,0.14790757735199875,61.666666666666664,3,True,35–44,False,2.6221403014203624,4.488951534207959,True
KH00114450,12,53,Nam,Chuyên viên nhân sự,Kinh doanh và dịch vụ,Hà Nội,65.08333333333333,49.1,0,78.5,0.7572166666666668,0.23165,1.5907178645256799,0.5618497519197219,0.18788077065737732,182.16666666666666,3,True,45–54,False,4.812468564333662,7.797554453902435,True
KH00114485,12,31,Nữ,Giáo viên giáo dục người lớn,Giáo dục,Cà Mau,62.65833333333333,35.2,1,72.29166666666667,0.7378,0.17964166666666667,1.6928265095000852,0.4778003878608123,0.16804100606123892,61.416666666666664,2,True,25–34,False,1.3181336788763844,5.283399182603427,True
KH00114490,12,53,Nữ,Nhà tâm lý học tư vấn,Y tế và chăm sóc sức khỏe,Tuyên Quang,67.98333333333333,54.2,0,77.27499999999999,0.7154083333333333,0.15035833333333334,1.3552053583087778,0.5565508603818051,0.16611556148731707,182.83333333333334,1,True,45–54,False,2.3913559415193566,4.92889125125536,False
KH00114525,12,82,Nam,Nhà thiết kế gốm sứ,"Truyền thông, nghệ thuật và thiết kế",Hà Nội,66.81666666666666,50.8,0,78.61666666666666,0.684225,0.1914583333333333,1.5532350534991017,0.5472152412259464,0.1795794344116308,243.33333333333334,1,True,65+,False,4.820716984064143,5.305485050190365,False
KH00114530,12,34,Nam,Chuyên viên nghiên cứu công đoàn,Khoa học và nghiên cứu,Phú Thọ,63.94166666666666,52.3,0,81.51666666666667,0.7410583333333333,0.19109166666666666,1.844894278685486,0.49532076289469934,0.2706608466914249,122.25,2,True,25–34,False,0.5483514017813972,10.962287635727808,True
KH00114565,12,56,Nam,Giảng viên giáo dục thường xuyên,Giáo dục,Hà Nội,69.28333333333333,55.8,0,79.02499999999999,0.57425,0.14401666666666665,1.7754835516646983,0.5285330299157402,0.197717815451549,183.33333333333334,1,True,55–64,False,2.7897042415189097,8.664779561528716,False
KH00114570,12,39,Nam,Nhà thiết kế sản phẩm công nghiệp,"Truyền thông, nghệ thuật và thiết kế",Quảng Trị,65.74166666666666,51.6,0,74.39166666666667,0.781875,0.21609166666666668,0.8606068666287389,0.4076676117767404,0.2075022271733521,61.416666666666664,2,True,35–44,False,19.88329604198027,11.453501995454902,False
KH00114610,12,79,Nam,Biên tập viên hiệu đính,"Truyền thông, nghệ thuật và thiết kế",Hưng Yên,63.80833333333334,52.3,0,77.76666666666667,0.8436083333333334,0.18618333333333334,1.6172545997433814,0.510870854165291,0.17920314218263225,181.66666666666666,2,True,65+,False,3.3297547360619557,7.012439894994175,True
KH00114645,12,48,Nữ,Kỹ sư cấp thoát nước,Kỹ thuật và xây dựng,Hà Nội,68.65,53.9,0,79.35000000000001,0.5689083333333333,0.17585833333333334,1.9189183630096014,0.5617119544710135,0.1870914402218271,363.75,1,True,45–54,False,0.4507784754498933,5.648981291925808,False
KH00114650,12,52,Nam,Chuyên viên dựng phim,"Truyền thông, nghệ thuật và thiết kế",Điện Biên,60.574999999999996,47.6,0,73.61666666666666,0.8235833333333332,0.31029999999999996,1.5005182931089631,0.46464929798321086,0.20445389635355463,60.916666666666664,3,True,45–54,False,1.905648249291159,8.900517779188668,True
KH00114685,12,26,Nữ,Chuyên viên tư vấn hướng nghiệp bậc đại học,Giáo dục,Thanh Hóa,64.075,12.8,1,72.7,1.0706166666666668,0.22009166666666666,1.7357024795171914,0.4441263810417459,0.1808425001765601,61.916666666666664,4,True,25–34,False,24.71966609055616,9.50728609897612,True
KH00114690,12,91,Nữ,Nhà văn khoa học,Khoa học và nghiên cứu,Hà Nội,65.83333333333333,56.9,0,78.24166666666666,0.71165,0.17261666666666667,1.7132109613536157,0.49331217661799065,0.17675197690256714,182.83333333333334,1,True,65+,False,2.76054784668141,6.531126869829711,True
KH00114730,12,67,Nữ,Chuyên viên trắc địa,Kỹ thuật và xây dựng,Bắc Ninh,65.11666666666666,48.7,0,79.83333333333333,0.7891416666666666,0.18790833333333334,1.706016791791243,0.5271429757890406,0.2011703672447223,243.83333333333334,3,True,65+,False,5.357394865046201,8.171433475196668,True
KH00114765,12,58,Nữ,Chuyên viên tư vấn hưu trí,Tài chính và pháp lý,Hưng Yên,61.324999999999996,48.1,0,77.64999999999999,0.7842416666666666,0.273175,1.5646232291762043,0.4708323276475468,0.1942744008954648,122.25,3,True,55–64,False,1.193674681596731,10.487554764745008,True
KH00114770,12,29,Nữ,Nhà khoa học nghiên cứu toán học,Khoa học và nghiên cứu,Thanh Hóa,69.65833333333333,52.5,0,79.65833333333333,0.585875,0.138075,1.8084154921621416,0.5266653914563123,0.2050392770301579,182.16666666666666,1,True,25–34,False,0.30266100896813,9.732976070717664,False
KH00114805,12,22,Nữ,Nhà tâm lý học pháp y,Y tế và chăm sóc sức khỏe,Nghệ An,67.18333333333334,55.9,0,83.08333333333333,0.625925,0.16665,1.4136407915319238,0.26060500462733843,0.26181317293948925,365.3333333333333,1,True,<25,False,3.1771715411746295,11.01611940240981,True
KH00114845,12,35,Nam,Kỹ sư công trường,Kỹ thuật và xây dựng,Lai Châu,66.99166666666666,51.5,0,79.50833333333334,0.54415,0.19594166666666668,2.4595377186183236,0.4541431655970816,0.19034918112116403,304.25,0,True,35–44,False,4.492091534656641,7.76681860028052,False
KH00114850,12,66,Nam,Kỹ sư sản xuất,Kỹ thuật và xây dựng,Cần Thơ,74.46666666666667,59.8,0,70.10833333333333,0.5080583333333334,0.10454999999999999,1.0652366086135265,0.5343926321735719,0.13645760104317814,61.333333333333336,0,True,65+,False,1.2982237709948434,3.356970534914398,False
KH00114885,12,87,Nam,Người phụ trách bảo tàng,"Truyền thông, nghệ thuật và thiết kế",Hà Nội,64.14999999999999,41.4,0,73.74166666666666,0.8414666666666667,0.2898,1.257481927128706,0.5406596188049523,0.21543117585976682,61.5,2,True,65+,False,2.71345881660627,10.608725207865843,True
KH00114890,12,34,Nữ,Điều dưỡng tâm thần,Y tế và chăm sóc sức khỏe,Đà Nẵng,66.075,54.0,0,77.90833333333333,0.7300583333333334,0.1634,1.5507822777965101,0.5397136957419374,0.17127161224206577,183.41666666666666,2,True,25–34,False,2.244279382322572,5.52767922794568,False
KH00114925,12,39,Nam,Tiếp viên hàng không,Kinh doanh và dịch vụ,Đà Nẵng,63.800000000000004,37.5,1,76.78333333333333,0.9373916666666666,0.30083333333333334,1.2116440867185199,0.5480179392730447,0.26523722864123145,61.583333333333336,3,True,35–44,False,0.362142789294091,17.26220051293667,True
KH00114930,12,59,Nữ,Chuyên viên quy hoạch giao thông,Kỹ thuật và xây dựng,Ninh Bình,68.925,48.1,0,73.72500000000001,0.6529583333333333,0.16540000000000002,1.468459648870981,0.5262012632866871,0.21326986280536184,61.333333333333336,1,True,55–64,False,10.20903840158355,11.478025194697965,True
KH00114965,12,66,Nữ,Kỹ sư khai thác mỏ,Kỹ thuật và xây dựng,Nghệ An,69.55833333333334,54.6,0,79.2,0.627575,0.14660833333333334,1.3972315368840251,0.5580007496325539,0.19140253294396956,243.66666666666666,1,True,65+,False,1.1905730677666886,8.342083006667837,False
KH00114970,12,33,Nam,Nhà hải dương học,Khoa học và nghiên cứu,Đồng Nai,63.199999999999996,51.9,0,79.66666666666667,0.8137500000000001,0.2561083333333333,0.9385092168605486,0.3894923209810761,0.20305132589090694,182.66666666666666,1,True,25–34,False,20.199767346587265,9.75044586922502,False
KH00115005,12,59,Nữ,Chuyên viên dựng phim,"Truyền thông, nghệ thuật và thiết kế",Cần Thơ,66.075,53.0,0,77.53333333333333,0.8274166666666667,0.175175,1.3961223205553406,0.5756872409139276,0.17505143311494345,183.5,2,True,55–64,False,2.9287622839080694,7.901204630058918,True
KH00115010,12,79,Nữ,Chuyên viên ngân hàng đầu tư doanh nghiệp,Tài chính và pháp lý,Hải Phòng,72.875,54.2,0,75.65833333333333,0.5250333333333334,0.10146666666666666,1.3561014433063485,0.4908505046377476,0.15574529356967903,122.08333333333333,1,True,65+,False,0.34693140575118653,5.910730976050884,False
KH00115045,12,32,Nữ,Chuyên viên nghiên cứu công đoàn,Khoa học và nghiên cứu,Hưng Yên,68.30833333333334,52.7,0,77.05,0.6883500000000001,0.1679166666666667,1.107600140976061,0.4901770368684755,0.2524565425087125,61.75,2,True,25–34,False,0.1296615510786778,9.118263484421629,False
KH00115050,12,42,Nữ,Tổng giám đốc điều hành,Kinh doanh và dịch vụ,Phú Thọ,76.03333333333333,70.2,0,82.88333333333334,0.3940333333333333,0.08692499999999999,1.2747383438463025,0.44444038299767047,0.2576294977775273,363.0833333333333,0,True,35–44,False,0.2297793766626079,11.02945372675677,False
KH00115085,12,29,Nữ,Chuyên viên tư vấn tâm lý,Y tế và chăm sóc sức khỏe,Đà Nẵng,63.65,47.9,0,79.71666666666667,0.7737416666666667,0.2085,2.486535060727295,0.5141620085291269,0.19478739634222153,304.4166666666667,2,True,25–34,False,7.2472836564777,8.086467992170101,True
KH00115090,12,25,Nam,Nhà khoa học chất lượng nước,Khoa học và nghiên cứu,Thành phố Hồ Chí Minh,69.18333333333334,48.2,0,79.86666666666666,0.5569833333333333,0.21038333333333334,1.761139413813015,0.5032948167671228,0.31115543248278577,61.166666666666664,3,True,25–34,False,0.20048488276791024,19.557276874623504,True
KH00115125,12,92,Nam,Nhà khoa học nghiên cứu toán học,Khoa học và nghiên cứu,Phú Thọ,70.8,51.5,0,78.35000000000001,0.5868833333333333,0.137425,1.8513347374261773,0.5306798221893434,0.18126489768462292,182.08333333333334,1,True,65+,False,8.255505317740255,5.909859140567975,True
KH00115130,12,19,Nam,Nhà địa hóa học,Khoa học và nghiên cứu,Ninh Bình,54.96666666666667,14.8,2,76.2,1.0722416666666668,0.232325,2.371221208591407,0.3593276493944155,0.2647515458461507,61.916666666666664,5,True,<25,False,12.7708213801377,16.550421839140412,True
KH00115165,12,66,Nữ,Giáo sư danh dự,Giáo dục,Đồng Tháp,70.89999999999999,58.9,0,74.05,0.5463333333333333,0.13420833333333335,1.6468998674670259,0.5374009137801409,0.21523153105793344,61.166666666666664,0,True,65+,False,5.596985634665201,8.296679319370623,True
KH00115170,12,36,Nữ,Kỹ sư hóa học,Kỹ thuật và xây dựng,Hà Nội,73.94166666666666,62.5,0,81.61666666666666,0.47599166666666665,0.09775,1.2612303422222009,0.4576735080047248,0.23534370405731928,243.33333333333334,0,True,35–44,False,0.9971595867407925,10.12428418897077,False
KH00115205,12,32,Nữ,Chuyên viên dự toán xây dựng,Kỹ thuật và xây dựng,Quảng Trị,62.725,49.7,0,79.11666666666666,0.8279583333333335,0.20995,1.9292661157810926,0.4861744668217838,0.19433520634608747,183.33333333333334,3,True,25–34,False,1.025845163844986,6.600046186844656,True
KH00115210,12,35,Nữ,Quản lý sản xuất,Kinh doanh và dịch vụ,Thành phố Hồ Chí Minh,67.15833333333333,52.8,0,80.68333333333334,0.5778416666666667,0.19076666666666667,2.647195979066486,0.4869830249609986,0.21687428217106808,243.33333333333334,0,True,35–44,False,7.198850508502781,9.497257477134974,True
KH00115245,12,29,Nam,Chuyên viên sinh lý vận động,Y tế và chăm sóc sức khỏe,Thái Nguyên,60.425000000000004,46.8,0,79.95833333333333,0.8574833333333333,0.30296666666666666,1.9815313316940941,0.5346134899488393,0.24244546420269353,121.91666666666667,5,True,25–34,False,4.04765331214296,11.912523564309,True
KH00115250,12,74,Nữ,Chuyên viên khảo sát bất động sản,Kỹ thuật và xây dựng,Hà Nội,62.041666666666664,44.6,0,73.31666666666666,0.8723000000000001,0.30546666666666666,1.357630314646989,0.5623951736714722,0.20200200483589362,61.583333333333336,3,True,65+,False,0.3344225445201088,8.584745478281897,True
KH00115285,12,57,Nữ,Nhà tâm lý học tư vấn,Y tế và chăm sóc sức khỏe,Lào Cai,70.09166666666667,54.1,0,80.60833333333333,0.6033916666666667,0.131725,1.5434437271451094,0.5410184838315785,0.21735366934328915,243.66666666666666,1,True,55–64,False,2.60535496279817,9.608248629791426,False
KH00115290,12,41,Nữ,Luật sư sở hữu trí tuệ,Tài chính và pháp lý,Đồng Tháp,71.0,50.5,0,83.2,0.4711083333333333,0.16573333333333332,1.5972206375085582,0.43816571459455905,0.264157007506244,364.75,1,True,35–44,False,3.2795593711987543,12.25240018950543,False
KH00115325,12,21,Nữ,Nhà địa hóa học,Khoa học và nghiên cứu,Hà Nội,68.75833333333334,56.4,0,81.875,0.5996,0.14776666666666669,1.0337154551332703,0.25571056575161005,0.27927111095932444,122.33333333333333,1,True,<25,False,0.2149357779462842,10.192365011683055,False
KH00115330,12,65,Nam,Chuyên viên nghiên cứu xã hội,Khoa học và nghiên cứu,Bắc Ninh,64.97500000000001,53.4,0,79.88333333333334,0.7509083333333333,0.18735,1.5874771241818006,0.524561351446638,0.19988734401102584,243.83333333333334,2,True,65+,False,2.2530660529195905,9.08279058205827,False
KH00115365,12,31,Nam,Nhân viên phát triển cộng đồng,Khu vực công và cộng đồng,Hà Nội,65.15833333333333,54.5,0,79.31666666666666,0.7914,0.21460833333333332,0.938962472997361,0.4016830182387497,0.18946878820838928,243.58333333333334,3,True,25–34,False,19.78069211489574,8.945233164071421,False
KH00115405,12,27,Nam,Chuyên viên tư vấn nông nghiệp,Nông nghiệp và môi trường,Đắk Lắk,65.63333333333334,55.1,0,79.25833333333334,0.8242249999999999,0.16725,0.9455019526399445,0.40585886525994314,0.1877262360224183,243.91666666666666,3,True,25–34,False,17.32974696686414,10.416133023888685,False
KH00115410,12,66,Nam,Chuyên viên thuế cấp cao,Tài chính và pháp lý,Phú Thọ,64.96666666666667,44.3,0,76.45833333333333,0.9208166666666666,0.20657499999999998,1.329990240479842,0.5140855034849127,0.2659157949210261,61.25,3,True,65+,False,0.15928581098181863,14.83822741746567,True
KH00115445,12,30,Nữ,Nhà trị liệu tâm lý trẻ em,Y tế và chăm sóc sức khỏe,Lâm Đồng,58.01666666666667,35.1,1,79.18333333333334,0.8832749999999999,0.179125,1.9312686152949796,0.49587338398169617,0.22347645356174325,122.16666666666667,3,True,25–34,False,0.13829808680926559,9.264179809912932,True
KH00115450,12,43,Nữ,Chuyên viên khảo sát nông thôn,Nông nghiệp và môi trường,Lâm Đồng,69.44166666666666,58.3,0,82.15833333333333,0.587975,0.13475833333333334,1.4155402170069928,0.4482395901466401,0.24458638823657583,303.5833333333333,0,True,35–44,False,1.0456801918225627,10.759371862492358,False
KH00115485,12,64,Nữ,Quản lý quỹ hưu trí,Tài chính và pháp lý,Cần Thơ,69.95,52.4,0,78.45,0.595075,0.13899166666666665,1.8163932329594734,0.5303709859338975,0.1718177949172424,243.0,1,True,55–64,False,6.887469855131847,5.9107166619132006,True
KH00115490,12,46,Nữ,Quản lý quán bar,Kinh doanh và dịch vụ,Hà Nội,67.25833333333334,54.3,0,81.03333333333333,0.6350916666666667,0.159925,1.5098219666398933,0.43156647491436356,0.22376374402738752,243.0,1,True,45–54,False,2.3863395014696294,9.522426143511279,False
KH00115525,12,30,Nữ,Giám đốc công nghệ,Công nghệ thông tin,Cần Thơ,77.24166666666666,53.5,0,72.84166666666667,0.42192499999999994,0.108825,1.1555005977676693,0.5921778917970757,0.1864513196719216,62.083333333333336,1,True,25–34,False,0.11958972348218185,11.437215395171854,False
KH00115530,12,38,Nữ,Chuyên viên quy hoạch và phát triển,Kỹ thuật và xây dựng,Đắk Lắk,64.86666666666666,50.5,0,82.43333333333334,0.7435666666666667,0.20655,1.3962427157291577,0.4458352933322905,0.2608312474598348,182.66666666666666,2,True,35–44,False,1.918366704863345,13.13119261687969,False
KH00115565,12,71,Nữ,Phi công hàng không,Kinh doanh và dịch vụ,Lạng Sơn,73.26666666666667,56.7,0,71.59166666666667,0.5138083333333333,0.129,1.25814835965504,0.5645777526091794,0.15225677238980093,61.0,0,True,65+,False,0.7822898156858646,4.63851433747953,False
KH00115570,12,30,Nam,Chuyên viên quản lý khách hàng quảng cáo,"Truyền thông, nghệ thuật và thiết kế",Đồng Nai,68.30833333333334,44.4,0,73.24166666666666,0.7097916666666667,0.23108333333333334,0.8753344729560973,0.3966242251204078,0.19049309669328843,61.75,1,True,25–34,False,17.31444110429873,14.598367765147538,False
KH00115610,12,41,Nam,Biên tập viên chuyên đề tạp chí,"Truyền thông, nghệ thuật và thiết kế",Phú Thọ,64.06666666666666,52.1,0,79.375,0.7405083333333332,0.18750833333333336,1.9933731150780483,0.4995922454123682,0.2056797309835405,182.41666666666666,2,True,35–44,False,3.9829042951686837,7.924370803863138,True
KH00115650,12,45,Nam,Cán bộ giáo dục môi trường,Nông nghiệp và môi trường,Hà Tĩnh,52.28333333333333,13.1,1,82.24166666666666,1.0644916666666668,0.32486666666666664,2.253978438984916,0.4418871117954788,0.2855943698200643,122.58333333333333,3,True,45–54,True,0.9645779090340579,13.827452318662397,True
KH00115685,12,47,Nam,Lính cứu hỏa,Khu vực công và cộng đồng,Đắk Lắk,63.10833333333333,51.1,0,81.425,0.79405,0.1935083333333333,2.08245713298607,0.5018978220947019,0.22840329456879194,304.1666666666667,3,True,45–54,True,3.72821506886618,10.777987187020766,False
KH00115690,12,30,Nữ,Kiểm soát viên tài chính,Tài chính và pháp lý,An Giang,62.699999999999996,50.6,0,79.25833333333334,0.8071666666666667,0.20701666666666665,2.005109391705235,0.492764703876822,0.18489354674094152,365.3333333333333,3,True,25–34,False,0.3680769954805147,7.191740207506616,False
KH00115725,12,33,Nam,Chuyên viên quy hoạch đô thị,Kỹ thuật và xây dựng,Ninh Bình,64.95,53.0,0,80.19166666666666,0.6483916666666666,0.21676666666666666,2.046668928375108,0.5040818847819226,0.20414137158999013,304.5833333333333,0,True,25–34,False,0.6760804122093141,8.593887918336105,True
KH00115730,12,28,Nữ,Kỹ thuật viên xạ trị,Y tế và chăm sóc sức khỏe,Tây Ninh,61.55833333333334,43.5,0,82.39999999999999,0.80505,0.27821666666666667,1.9115535486526791,0.43118920567875807,0.2478046937834252,364.5833333333333,2,True,25–34,True,7.254761335253644,10.700717853548824,True
KH00115770,12,64,Nam,Người bán sách,Kinh doanh và dịch vụ,Đồng Nai,64.05833333333334,48.4,0,72.05833333333332,0.7688416666666668,0.28655,1.2145010915920287,0.5119838079844049,0.1688654020620497,61.333333333333336,2,True,55–64,False,4.750862632372967,9.38105056343418,False
KH00115805,12,76,Nam,Nhà trị liệu tâm lý trẻ em,Y tế và chăm sóc sức khỏe,Lâm Đồng,64.01666666666667,50.6,0,76.75,0.7848333333333333,0.27899999999999997,1.4188072418553819,0.5911055806695727,0.18556453628243694,121.5,2,True,65+,False,0.513916491160966,6.175052863683062,True
KH00115810,12,88,Nam,Điều dưỡng khuyết tật học tập,Y tế và chăm sóc sức khỏe,Bắc Ninh,67.13333333333334,51.0,0,74.14999999999999,0.7348833333333333,0.174975,1.3911185222561133,0.5461017478443714,0.2099970328885048,61.916666666666664,1,True,65+,False,2.320821432243516,13.543193331788153,True
KH00115845,12,79,Nữ,Chuyên viên tư vấn quan hệ công chúng,"Truyền thông, nghệ thuật và thiết kế",Nghệ An,68.175,38.9,1,78.425,0.6500666666666667,0.13888333333333333,1.3283860898331865,0.5298361069503631,0.21776313241072212,122.5,2,True,65+,False,0.9404089823564363,9.80990488287548,False
KH00115850,12,43,Nữ,Nhà dược lý học,Khoa học và nghiên cứu,Hưng Yên,65.99166666666666,49.4,0,82.59166666666667,0.6672833333333333,0.21885,1.4003616804483021,0.4388475036007984,0.2636852359165163,183.5,1,True,35–44,False,1.4059161707318717,12.159795206120029,False
KH00115885,12,44,Nam,Kỹ sư hóa học,Kỹ thuật và xây dựng,Hà Nội,69.58333333333333,49.2,0,77.98333333333333,0.523925,0.1749666666666667,1.8504105155541823,0.5245281357681053,0.19838286154511262,122.16666666666667,1,True,35–44,False,2.673191918030015,7.275986412697749,False
KH00115890,12,45,Nam,Chuyên viên dựng phim,"Truyền thông, nghệ thuật và thiết kế",Hà Nội,69.375,57.7,0,78.20833333333333,0.6252833333333333,0.17823333333333333,0.9161177903815885,0.4038528628641271,0.1764693021054908,182.75,0,True,45–54,False,18.78827192277524,8.770861704738486,False
KH00115925,12,30,Nữ,Giảng viên công nghệ thông tin,Công nghệ thông tin,Ninh Bình,72.50833333333334,56.8,0,82.125,0.5017333333333333,0.12895,1.26390023124936,0.4569091248001143,0.24250789533410955,363.5,1,True,25–34,False,0.3844602686147517,10.835983769096154,False
KH00115930,12,44,Nữ,Nhà khoa học nghiên cứu khoa học tự nhiên,Khoa học và nghiên cứu,Hà Nội,68.99166666666666,55.3,0,79.50833333333334,0.5754166666666667,0.117025,2.080094817610442,0.5022330839061082,0.19236523178344878,242.83333333333334,1,True,35–44,False,1.9069536916505085,4.793708566975287,False
KH00115965,12,63,Nữ,Biên tập viên chuyên đề tạp chí,"Truyền thông, nghệ thuật và thiết kế",Lạng Sơn,60.275,47.8,0,77.53333333333333,0.8809166666666667,0.20600833333333335,1.4523061180173036,0.49468945674412157,0.19934327203060712,122.41666666666667,3,True,55–64,False,0.6160481205597277,7.486201163858565,True
KH00115970,12,40,Nam,Chuyên viên nghiên cứu vận hành,Khoa học và nghiên cứu,Thành phố Hồ Chí Minh,68.15833333333333,56.6,0,80.8,0.6007833333333333,0.13779166666666667,1.9556611263389752,0.4966366257389761,0.21624985161011268,304.75,1,True,35–44,False,3.3876597316163486,8.316560192627225,False
KH00116005,12,65,Nam,Kỹ sư mạng,Công nghệ thông tin,Thành phố Hồ Chí Minh,74.06666666666666,63.4,0,78.16666666666667,0.4276416666666667,0.09470833333333332,1.849792143423487,0.4983197884916475,0.21770813121163038,122.58333333333333,0,True,65+,False,6.226349335790715,11.772303799271508,True
KH00116010,12,70,Nam,Nhân viên y tế cộng đồng,Y tế và chăm sóc sức khỏe,Thành phố Hồ Chí Minh,63.85833333333333,49.5,0,77.45,0.7500333333333334,0.23640000000000003,1.6674495699418106,0.48940543735915015,0.16048355237362724,182.58333333333334,2,True,65+,False,4.232522230752137,5.756633367398663,True
KH00116045,12,54,Nữ,Nhà sinh thái học,Nông nghiệp và môi trường,Hưng Yên,58.63333333333333,43.3,0,76.46666666666667,0.957325,0.33853333333333335,1.5269637905647493,0.5519407522452382,0.1856971425710802,122.33333333333333,4,True,45–54,False,3.9776625173831444,7.729474513260613,True
KH00116050,12,69,Nữ,Chuyên viên hoạch định quảng cáo,"Truyền thông, nghệ thuật và thiết kế",Vĩnh Long,60.35,34.8,1,76.43333333333334,0.8227583333333333,0.2755666666666667,2.0112074016659216,0.4401934717596332,0.16528105848198968,122.25,3,True,65+,False,13.867994869058514,5.723544024679404,True
KH00116085,12,60,Nam,Chuyên viên dự toán xây dựng,Kỹ thuật và xây dựng,Lâm Đồng,64.83333333333333,47.5,0,73.48333333333333,0.8839833333333332,0.19978333333333334,1.4502341505497538,0.5206797151953494,0.20059038022293532,61.333333333333336,3,True,55–64,False,0.4074572669204619,10.346778091582012,True
KH00116090,12,55,Nữ,Nhạc sĩ,"Truyền thông, nghệ thuật và thiết kế",Sơn La,57.85,10.8,1,78.64166666666667,1.0608166666666665,0.23886666666666667,1.7975007139964891,0.4862854975239807,0.21397022542066313,122.25,5,True,55–64,False,9.41863753222616,9.860144036460264,True
KH00116130,12,85,Nữ,Nhà thiết kế sản phẩm,"Truyền thông, nghệ thuật và thiết kế",Thành phố Hồ Chí Minh,63.40833333333333,38.6,1,79.64166666666667,0.9393250000000001,0.2228416666666667,2.1009069938522877,0.5150901137388663,0.19605705477434224,243.66666666666666,1,True,65+,False,14.392348736029986,6.542152814457874,True
KH00116165,12,73,Nam,Kỹ sư kết cấu,Kỹ thuật và xây dựng,Quảng Ninh,70.76666666666667,47.3,0,74.76666666666667,0.5882916666666667,0.21259166666666665,1.218903240959704,0.5405842127717381,0.22975520357632004,61.333333333333336,2,True,65+,False,2.193083252308721,12.165835924199394,False
KH00116170,12,74,Nam,Nhà trị liệu tâm lý trẻ em,Y tế và chăm sóc sức khỏe,Đà Nẵng,64.7,51.5,0,79.20833333333333,0.6669,0.21799166666666667,1.7769570213288688,0.48737640523223363,0.1968915325747865,182.5,1,True,65+,False,5.451904601932732,9.91602046639749,False
KH00116205,12,61,Nữ,Biên tập viên chuyên đề tạp chí,"Truyền thông, nghệ thuật và thiết kế",An Giang,64.5,46.4,0,73.33333333333333,0.877025,0.21162499999999998,1.314099313559015,0.5096244291087619,0.19759502656809538,61.166666666666664,2,True,55–64,False,3.43179654731716,8.745611160889679,True
KH00116210,12,83,Nam,Chuyên viên khảo sát công trình,Kỹ thuật và xây dựng,Hà Nội,67.14166666666667,55.1,0,79.81666666666668,0.6933250000000001,0.146325,1.6289509827942192,0.5231464262641375,0.19829169344171718,243.91666666666666,1,True,65+,False,2.42394570258735,9.447836401242325,False
KH00116245,12,26,Nữ,Nhà khảo cổ học,Khoa học và nghiên cứu,Hà Nội,69.03333333333333,55.1,0,80.30833333333334,0.6223416666666667,0.15050833333333333,1.3650695619825461,0.45242284699128127,0.25021418469796813,122.58333333333333,1,True,25–34,False,0.08814712119980657,10.971846131086902,False
KH00116250,12,60,Nam,Kỹ sư năng lượng,Kỹ thuật và xây dựng,An Giang,69.71666666666667,55.0,0,78.60833333333333,0.5948083333333334,0.139075,1.6853325193332067,0.5585730432712056,0.17889881988673884,243.75,1,True,55–64,False,2.793064645379375,6.241332814566404,False
KH00116285,12,64,Nam,Nhà khoa học thính học,Y tế và chăm sóc sức khỏe,Lâm Đồng,70.05,60.8,0,79.97500000000001,0.5415333333333333,0.12681666666666666,1.8184139956979524,0.4951383541178837,0.2046104768941107,243.5,0,True,55–64,False,4.140529922572342,9.819457685047324,False
KH00116290,12,37,Nữ,Nhà thiết kế web,Công nghệ thông tin,Sơn La,62.65833333333333,51.9,0,78.01666666666667,0.8583250000000001,0.19865833333333335,1.6677583684186938,0.5429455531595929,0.19616758550413918,122.08333333333333,4,True,35–44,False,1.5901961072667232,6.530140954914636,True
KH00116325,12,49,Nữ,Cán bộ thủy sản,Nông nghiệp và môi trường,Vĩnh Long,60.050000000000004,47.8,0,82.90833333333333,0.86105,0.2835583333333333,1.4627297531002101,0.43770161468016006,0.2630698479533723,244.0,2,True,45–54,True,0.13322225445179087,12.02587275132766,False
KH00116330,12,33,Nữ,Chuyên viên tư vấn tâm lý,Y tế và chăm sóc sức khỏe,Vĩnh Long,63.84166666666667,52.8,0,81.45,0.7749083333333333,0.194425,1.4302262325928128,0.44008737823512556,0.2314104313487644,243.66666666666666,1,True,25–34,False,1.5414651823833845,10.597827933365798,False
KH00116365,12,62,Nam,Quản lý tổng đài,Kinh doanh và dịch vụ,Gia Lai,68.64999999999999,49.6,0,76.03333333333333,0.6993416666666666,0.14958333333333332,1.6036141518626736,0.5325159468392399,0.14030235123964868,182.83333333333334,1,True,55–64,False,7.531209393541347,6.86927900902056,True
KH00116405,12,62,Nữ,Chuyên viên thu mua công nghiệp,Kinh doanh và dịch vụ,Hải Phòng,67.28333333333333,48.6,0,71.89166666666667,0.71095,0.16487500000000002,1.4773170143577652,0.5028566545263294,0.1665181649233747,61.083333333333336,1,True,55–64,False,1.4110956895963285,11.2101862174997,True
KH00116410,12,58,Nam,Sĩ quan hậu cần quân đội,Khu vực công và cộng đồng,Hà Nội,64.55,55.1,0,78.0,0.81635,0.18105833333333332,1.2976437287539535,0.5419127284018947,0.2001513531818853,122.08333333333333,2,True,55–64,False,0.5179753798046585,7.383609768961977,False
KH00116450,12,59,Nữ,Chuyên viên trị liệu bằng làm vườn,Y tế và chăm sóc sức khỏe,Hải Phòng,62.81666666666666,43.9,0,71.80833333333332,0.9318416666666667,0.23376666666666668,1.6085538178945713,0.46362813239298406,0.16524234316845965,61.833333333333336,4,True,55–64,False,0.5846320257249848,12.426884255204078,True
KH00116490,12,50,Nữ,Nhà thiết kế gốm sứ,"Truyền thông, nghệ thuật và thiết kế",Tây Ninh,65.14999999999999,46.4,0,78.5,0.72345,0.23299999999999998,1.6881628974248801,0.4971789194877751,0.18561284252273458,182.75,2,True,45–54,False,9.314447840087988,7.741182650663063,True
KH00116525,12,75,Nữ,Kỹ sư đóng tàu,Kỹ thuật và xây dựng,Hà Nội,67.05,50.6,0,80.09166666666667,0.6222666666666666,0.22424166666666667,1.5377761757726158,0.5366776906651096,0.21253690556173113,243.66666666666666,2,True,65+,False,2.5309486119233044,10.488464623033888,False
KH00116530,12,40,Nam,Kỹ sư nông nghiệp,Nông nghiệp và môi trường,Lâm Đồng,74.55,63.4,0,78.875,0.4905916666666667,0.09999999999999999,0.9197038355151603,0.3907684763998396,0.19151846706883324,182.91666666666666,0,True,35–44,False,18.232706577527892,9.966612543110099,False
KH00116565,12,58,Nam,Quản lý dịch vụ y tế,Y tế và chăm sóc sức khỏe,Phú Thọ,65.7,44.0,0,76.43333333333334,0.7936500000000001,0.22556666666666667,1.617740844081535,0.5458773282295637,0.17236844300371235,121.91666666666667,3,True,55–64,False,8.69466353248794,5.8235142639247,True
KH00116570,12,44,Nam,Nhà tâm lý học thể thao,Y tế và chăm sóc sức khỏe,Cần Thơ,66.84166666666667,59.7,0,81.425,0.6298333333333334,0.14266666666666666,1.9525793816586499,0.48953101095890905,0.2389741067562519,183.5,0,True,35–44,False,2.367428610885435,9.905813528121515,False
KH00116610,12,45,Nam,Nhà thiết kế triển lãm,"Truyền thông, nghệ thuật và thiết kế",Đắk Lắk,62.5,48.6,0,80.93333333333334,0.7595000000000001,0.23074166666666665,1.8727990821470464,0.5026457430033433,0.21872873177572852,304.5833333333333,2,True,45–54,True,1.2956249024871211,6.643807861803886,False
KH00116650,12,42,Nữ,Nhà giao dịch tài chính,Tài chính và pháp lý,Thanh Hóa,67.95,55.5,0,82.72500000000001,0.581375,0.19594999999999999,1.4131601658199047,0.4355585105479946,0.2918473785662256,122.25,0,True,35–44,False,0.3649241679854713,12.808422146816337,False
KH00116685,12,29,Nam,Nhà trị liệu tâm lý trẻ em,Y tế và chăm sóc sức khỏe,Thành phố Hồ Chí Minh,66.65833333333333,45.8,0,74.22500000000001,0.7739166666666666,0.21961666666666665,1.3633567295854878,0.5599231534670127,0.19951876370701305,61.583333333333336,3,True,25–34,False,0.4645235841867027,5.815051911086535,True
KH00116690,12,42,Nam,Chuyên viên phục chế bảo tàng,"Truyền thông, nghệ thuật và thiết kế",Thành phố Hồ Chí Minh,67.29166666666667,53.0,0,77.50833333333334,0.7536666666666667,0.15232500000000002,0.968953396646668,0.3582107234927447,0.18659904602664043,122.33333333333333,1,True,35–44,False,20.17990187414325,9.889748548804244,False
KH00116730,12,48,Nam,Nhà khoa học y sinh,Khoa học và nghiên cứu,Thành phố Hồ Chí Minh,68.25833333333334,53.7,0,82.48333333333333,0.5701999999999999,0.14225000000000002,2.2262248907390108,0.49085340951969597,0.2605823645015009,182.33333333333334,1,True,45–54,False,0.984289776955803,11.07885306514174,True
KH00116765,12,27,Nữ,Nhân viên phát triển cộng đồng,Khu vực công và cộng đồng,An Giang,60.675000000000004,46.9,0,78.05833333333334,0.9603583333333333,0.28591666666666665,1.3119692461650776,0.42399618293787705,0.2924566678087241,62.0,3,True,25–34,False,0.10716428748653115,18.829123112233916,True
KH00116770,12,34,Nữ,Chuyên viên công nghệ màu sắc,Kỹ thuật và xây dựng,Nghệ An,66.64999999999999,45.0,0,71.24166666666666,0.849825,0.19505833333333333,1.4490453258070073,0.5435872871797085,0.1471855873266635,62.0,3,True,25–34,False,4.007347518411674,2.6068768930493573,True
KH00116810,12,45,Nam,Kỹ sư khoan,Kỹ thuật và xây dựng,Hà Nội,69.45,49.3,0,78.125,0.5984333333333334,0.11799166666666666,2.8693469175451525,0.4660405287697193,0.16759357130398847,243.33333333333334,1,True,45–54,False,15.37195195221014,4.725025501258635,True
KH00116845,12,58,Nam,Chuyên viên dự toán xây dựng,Kỹ thuật và xây dựng,Đồng Nai,63.449999999999996,46.0,0,80.74166666666666,0.7530083333333333,0.26669166666666666,1.436376846959039,0.5223863786426034,0.230966921799007,183.0,2,True,55–64,True,0.2995322749021822,12.698514291859993,False
KH00116850,12,31,Nam,Chuyên viên trị liệu nghệ thuật,Y tế và chăm sóc sức khỏe,Quảng Ngãi,62.59166666666667,45.7,0,77.30833333333334,0.9474083333333333,0.22700833333333334,1.575349190634139,0.5396188454341553,0.25927881680015535,61.416666666666664,4,True,25–34,False,0.3340661312755171,14.93534927542734,True
KH00116885,12,59,Nữ,Chuyên viên công nghệ kiến trúc,Kỹ thuật và xây dựng,Nghệ An,63.166666666666664,50.6,0,78.5,0.77385,0.2564,1.5018481997697843,0.5453990190343908,0.2132905847920701,122.16666666666667,2,True,55–64,False,2.024359143077739,10.538875411925712,False
KH00116890,12,66,Nữ,Luật sư sáng chế,Tài chính và pháp lý,Tuyên Quang,71.35833333333333,59.0,0,80.325,0.476825,0.18594166666666667,1.5479286839386044,0.520848794796591,0.21363770793828282,243.25,0,True,65+,False,2.5689998578916953,9.216597712011469,False
KH00116925,12,54,Nam,Nhà giao dịch cổ phiếu,Tài chính và pháp lý,Vĩnh Long,73.06666666666668,65.2,0,78.75833333333334,0.4845,0.10052499999999999,1.580839191383382,0.513180254154953,0.1906222566186537,182.5,0,True,45–54,False,2.0815019624758118,8.550153510098427,False
KH00116930,12,35,Nam,Nhà khoa học địa chất,Khoa học và nghiên cứu,Thanh Hóa,66.73333333333333,43.7,0,81.96666666666667,0.6203333333333333,0.23979166666666665,2.705551301013729,0.4855464429681426,0.2398356770604054,304.3333333333333,2,True,35–44,False,13.57244654988313,10.545038428351946,True
KH00116965,12,75,Nam,Chuyên viên phân tích hệ thống,Công nghệ thông tin,Thành phố Hồ Chí Minh,70.18333333333334,49.0,0,80.40833333333333,0.5815416666666667,0.15884166666666666,1.8856781572242671,0.5148819847841513,0.21880421208257841,183.16666666666666,1,True,65+,False,9.854538550888272,9.426807059272722,True
KH00116970,12,30,Nam,Chuyên viên gây quỹ từ thiện,Khu vực công và cộng đồng,Thái Nguyên,62.65,53.0,0,78.91666666666667,0.8573666666666666,0.22177499999999997,0.9549421329945877,0.3693574836693651,0.2161753170351616,122.25,1,True,25–34,False,20.315434370951778,11.685881426965542,False
KH00117005,12,79,Nam,Kỹ sư dầu khí,Kỹ thuật và xây dựng,Cà Mau,71.84166666666667,51.2,0,76.84166666666667,0.5630000000000001,0.13950833333333332,1.5221077422959528,0.5217419046941305,0.15109450751297435,182.75,2,True,65+,False,6.7554678551459455,5.541682725974822,True
KH00117010,12,67,Nữ,Nhà khoa học thổ nhưỡng,Nông nghiệp và môi trường,Quảng Ninh,70.11666666666666,42.1,0,76.96666666666667,0.5858583333333334,0.13147499999999998,1.2994955989384362,0.5316902853496882,0.2527688142758333,61.5,1,True,65+,False,2.075235635379129,7.625640320166188,False
KH00117045,12,34,Nữ,Cán bộ trại giam,Khu vực công và cộng đồng,Bắc Ninh,64.22500000000001,56.2,0,82.70833333333333,0.8109083333333333,0.16218333333333332,1.3405324371688419,0.45573309836763093,0.2653315686846177,183.25,1,True,25–34,False,0.4023391094731195,11.41555286674913,False
KH00117050,12,27,Nam,Nhà kinh tế học,Khoa học và nghiên cứu,Cần Thơ,66.06666666666666,46.2,0,75.25833333333334,0.8026416666666667,0.24514166666666667,0.8561665097493467,0.41694771999463215,0.23074271988824147,61.416666666666664,2,True,25–34,False,16.135323506364923,14.162756854804966,False
KH00117085,12,36,Nữ,Chuyên viên viết nội dung quảng cáo,"Truyền thông, nghệ thuật và thiết kế",Đồng Tháp,68.04166666666667,52.8,0,83.24166666666666,0.6157916666666666,0.19885,1.3407134669642773,0.46783209634985434,0.2647837459102093,303.6666666666667,1,True,35–44,False,0.17705368927189352,12.349031111539087,False
KH00117090,12,29,Nam,Quản lý trường quay,"Truyền thông, nghệ thuật và thiết kế",Bắc Ninh,70.25,57.3,0,75.85833333333333,0.5973499999999999,0.2141666666666667,0.8086175681845442,0.4458941100104894,0.16229505007767778,122.25,1,True,25–34,False,16.17624675891166,7.062322860281286,False
KH00117125,12,55,Nam,Giảng viên đại học,Giáo dục,Huế,71.63333333333334,47.3,0,72.63333333333334,0.5723166666666667,0.19571666666666665,1.2141442819928854,0.5673712299661023,0.18704589793692203,61.833333333333336,1,True,55–64,False,2.7616832582522997,11.123377419890181,False
KH00117130,12,49,Nữ,Chuyên viên kinh doanh công nghệ thông tin,Công nghệ thông tin,Thành phố Hồ Chí Minh,66.2,45.1,0,75.28333333333333,0.7745583333333332,0.20872500000000002,1.556295456217936,0.5007221761764905,0.22447769696324923,61.833333333333336,3,True,45–54,False,1.87388053461486,6.454281803819055,True
KH00117165,12,25,Nữ,Cán bộ triển lãm bảo tàng,"Truyền thông, nghệ thuật và thiết kế",Vĩnh Long,54.6,34.0,1,79.51666666666667,0.9771916666666667,0.35063333333333335,2.015803705582575,0.4995263239790289,0.19266565878602604,364.5,4,True,25–34,False,2.140989441404832,5.54288522766711,False
KH00117170,12,44,Nam,Nhân viên giao nhận vận tải,Kinh doanh và dịch vụ,Thanh Hóa,62.46666666666667,47.0,0,79.54166666666667,0.8908083333333333,0.28554166666666664,0.8808307838576264,0.4162292812350505,0.1933018352527199,243.33333333333334,2,True,35–44,False,17.169781057377744,10.236190735159715,False
KH00117205,12,68,Nữ,Nhà địa chất công trình,Khoa học và nghiên cứu,Quảng Ngãi,61.699999999999996,52.0,0,78.10000000000001,0.8798666666666667,0.20173333333333332,1.5033293014308822,0.49873837330872467,0.1740380342792035,182.66666666666666,3,True,65+,False,3.8567487148816637,7.073475346971803,False
KH00117210,12,70,Nữ,Chuyên viên khảo sát thủy văn,Khoa học và nghiên cứu,Thành phố Hồ Chí Minh,65.56666666666666,47.8,0,76.75,0.6823583333333333,0.24244166666666667,1.5005068967331654,0.48740577109855027,0.2513147953600918,61.25,2,True,65+,False,0.5153041216579634,16.237466151440046,True
KH00117245,12,34,Nam,Luật sư sở hữu trí tuệ,Tài chính và pháp lý,Thành phố Hồ Chí Minh,74.73333333333333,69.2,0,81.11666666666666,0.3644083333333333,0.08236666666666666,2.1322368224535126,0.47914837124248516,0.2227490669938126,243.91666666666666,0,True,25–34,False,1.0504061949593115,8.122334198142681,False
KH00117250,12,23,Nam,Chuyên viên quan hệ công chúng,"Truyền thông, nghệ thuật và thiết kế",Đồng Nai,65.10000000000001,51.4,0,83.81666666666666,0.7407416666666666,0.20028333333333334,1.0116966130807719,0.2685693511356581,0.286700183867593,182.75,2,True,<25,False,0.1725642733179965,10.749914234975986,False
KH00117290,12,60,Nữ,Cán bộ quan hệ sắc tộc,Khu vực công và cộng đồng,Tuyên Quang,64.54166666666667,53.1,0,74.89999999999999,0.7485750000000001,0.21081666666666665,1.5726633145676354,0.5012529116093497,0.1391343968238431,122.33333333333333,1,True,55–64,False,5.587472394034204,4.16350705192787,True
KH00117325,12,31,Nam,Bác sĩ chuyên khoa bàn chân,Y tế và chăm sóc sức khỏe,Vĩnh Long,73.72500000000001,66.2,0,79.47500000000001,0.48159166666666664,0.13536666666666666,0.9438366375305421,0.3857530036993759,0.20251770405935043,183.08333333333334,0,True,25–34,False,18.80536960882932,11.168624061328135,False
KH00117330,12,42,Nam,Chuyên viên công nghệ dệt may,Kỹ thuật và xây dựng,Cần Thơ,62.23333333333333,47.8,0,72.68333333333334,0.8405666666666667,0.30015,0.9327153517699552,0.36219536483779863,0.18909857753006246,61.083333333333336,3,True,35–44,False,20.35368112970364,11.684260679243035,False
KH00117365,12,47,Nam,Chuyên viên trưng bày bán lẻ,Kinh doanh và dịch vụ,Đồng Nai,67.125,52.9,0,80.61666666666666,0.6378416666666666,0.17000833333333332,2.009796278413161,0.5455145865037258,0.21299817020370213,304.4166666666667,1,True,45–54,False,0.6052675850982298,7.284520627324896,False
KH00117370,12,84,Nữ,Kỹ sư xây dựng thi công,Kỹ thuật và xây dựng,Tuyên Quang,71.05,50.9,0,78.56666666666666,0.5560083333333333,0.130175,1.680870293014496,0.48723176840714993,0.18573261730250643,182.91666666666666,2,True,65+,False,9.409221211968575,8.398110131184646,True
KH00117405,12,90,Nữ,Chuyên viên trang điểm,"Truyền thông, nghệ thuật và thiết kế",Bắc Ninh,66.38333333333334,49.6,0,79.5,0.7196333333333333,0.1909833333333333,1.5799286058195434,0.5408819789952861,0.20057827809962517,242.5,1,True,65+,False,1.5096029075103652,8.564087077614492,False
KH00117450,12,35,Nữ,Kỹ sư năng lượng,Kỹ thuật và xây dựng,An Giang,71.50833333333334,64.0,0,78.69166666666666,0.5074083333333334,0.11303333333333333,1.9009472856999086,0.5398070600977688,0.1741103481517485,303.5,0,True,35–44,False,0.21093698619557405,4.62717873188819,False
KH00117485,12,37,Nữ,Giáo viên tiếng anh,Giáo dục,Thanh Hóa,62.65833333333333,53.8,0,83.33333333333333,0.8135833333333333,0.199025,1.4476525141864256,0.43568173372391045,0.2666408236227391,364.0833333333333,2,True,35–44,True,1.2586529576978147,12.947248564929575,False
KH00117490,12,29,Nữ,Chuyên viên thu mua công nghiệp,Kinh doanh và dịch vụ,Thành phố Hồ Chí Minh,68.30833333333334,57.5,0,81.09166666666667,0.6206166666666667,0.15660833333333332,1.3487368357039315,0.4487226101555513,0.23562724823338435,182.66666666666666,0,True,25–34,False,0.8455172858437443,11.195015009971494,False
KH00117525,12,41,Nam,Trợ lý sản xuất truyền hình,"Truyền thông, nghệ thuật và thiết kế",Vĩnh Long,60.85833333333333,34.7,1,73.36666666666666,0.7929833333333334,0.32185,0.9180449628788939,0.3974597030134625,0.1918575345438712,61.5,2,True,35–44,False,17.30956347331692,11.530481723673997,False
KH00117530,12,34,Nam,Nhà địa chấn học hiện trường,Khoa học và nghiên cứu,Thanh Hóa,57.824999999999996,33.5,1,76.94166666666666,0.9441333333333334,0.28384166666666666,1.4073231844769216,0.4871663795408209,0.25347177868386656,61.166666666666664,4,True,25–34,False,0.5823720461417852,9.068807774149917,True
KH00117565,12,27,Nam,Nhà tâm lý học thể thao,Y tế và chăm sóc sức khỏe,Hưng Yên,66.64166666666667,46.5,0,77.80833333333334,0.6719333333333334,0.19644166666666665,2.1828612505739393,0.4778158447649176,0.19065802038744686,122.33333333333333,2,True,25–34,False,7.182487334852368,7.865970531715723,True
KH00117570,12,19,Nam,Kỹ sư trắc địa,Kỹ thuật và xây dựng,Đắk Lắk,71.96666666666667,60.5,0,81.41666666666667,0.48095,0.14273333333333335,0.9957352086305967,0.253080822145265,0.2664999040036646,121.66666666666667,0,True,<25,False,0.7402491417524286,8.350478162461672,False
KH00117605,12,61,Nam,Kỹ sư ô tô,Kỹ thuật và xây dựng,Lâm Đồng,69.64166666666667,52.8,0,76.55,0.538925,0.2096083333333333,1.434683020279464,0.504936356052147,0.18112432451566648,122.16666666666667,0,True,55–64,False,4.915382735177996,6.14998695009135,True
KH00117610,12,49,Nữ,Giáo viên giáo dục đặc biệt,Giáo dục,Nghệ An,68.41666666666667,55.7,0,81.91666666666667,0.6250333333333333,0.17923333333333333,1.266597726218734,0.46568366070037737,0.25499479948628,182.83333333333334,1,True,45–54,False,0.6344353561812756,11.843873491491145,False
KH00117645,12,40,Nam,Nhạc sĩ,"Truyền thông, nghệ thuật và thiết kế",Đắk Lắk,65.35833333333333,57.0,0,81.31666666666666,0.692025,0.15210833333333332,2.1349870819007384,0.5034356437558313,0.22666922153003163,304.5,1,True,35–44,False,2.2330863110271997,8.047836517574567,False
KH00117650,12,73,Nam,Nhà thiết kế đa phương tiện,"Truyền thông, nghệ thuật và thiết kế",Đồng Tháp,64.16666666666667,56.6,0,76.89166666666667,0.77995,0.15706666666666666,1.4943896783473833,0.482014209089608,0.1856998506237295,122.0,1,True,65+,False,0.45324859452463345,7.4373992885211235,False
KH00117685,12,23,Nam,Chuyên viên trị liệu dinh dưỡng,Y tế và chăm sóc sức khỏe,Huế,58.38333333333333,42.1,0,80.13333333333334,0.8193833333333332,0.2721166666666667,2.305339591174729,0.4365336004093341,0.20654978548915412,244.5,2,True,<25,True,0.3310990641471962,12.501882884826232,True
KH00117690,12,32,Nữ,Trình dược viên,Y tế và chăm sóc sức khỏe,Bắc Ninh,62.19166666666666,49.4,0,81.81666666666666,0.8217083333333334,0.21410833333333334,1.6454596839791886,0.4328727454110212,0.23667396378239403,365.0,2,True,25–34,True,4.536283426768029,11.990353409432158,False
KH00117725,12,47,Nữ,Nhà khoa học phát triển sản phẩm,Khoa học và nghiên cứu,Thanh Hóa,74.48333333333333,56.7,0,76.38333333333334,0.4606166666666667,0.10964166666666668,1.6286905457801037,0.5900219847394147,0.17363962481774564,121.58333333333333,0,True,45–54,False,0.12639795173611304,8.827877753606439,False
KH00117730,12,78,Nam,Bác sĩ đa khoa,Y tế và chăm sóc sức khỏe,Thanh Hóa,71.54166666666667,52.0,0,76.93333333333334,0.47436666666666666,0.18374166666666666,1.6600831984982307,0.5215764825562015,0.19098915036129038,122.58333333333333,0,True,65+,False,5.970047787421637,10.161068422584915,False
KH00117765,12,69,Nữ,Kỹ sư khai thác mỏ,Kỹ thuật và xây dựng,Lào Cai,70.18333333333334,59.7,0,78.23333333333333,0.5466416666666667,0.15345833333333334,2.0301068540303997,0.5308176026149837,0.17219000740019338,243.33333333333334,0,True,65+,False,8.385598701992466,6.654324500998689,True
KH00117770,12,61,Nữ,Nhà báo,"Truyền thông, nghệ thuật và thiết kế",Lạng Sơn,67.47500000000001,51.2,0,72.85000000000001,0.70785,0.16439166666666666,1.5022917499670674,0.4888203472670744,0.1925722163140731,61.416666666666664,2,True,55–64,False,0.2953887260692479,6.628317701201941,True
KH00117805,12,47,Nữ,Nhà sản xuất phát thanh,"Truyền thông, nghệ thuật và thiết kế",Thành phố Hồ Chí Minh,63.03333333333333,47.9,0,79.10833333333333,0.7596416666666667,0.2895666666666667,1.5802917558784026,0.5535420849092328,0.18569635830560124,243.58333333333334,3,True,45–54,False,1.8165926366420302,3.808121660052509,False
KH00117810,12,27,Nữ,Kỹ sư điện,Kỹ thuật và xây dựng,Ninh Bình,70.15833333333333,53.7,0,82.84166666666667,0.5580333333333333,0.14710833333333334,1.378407491180754,0.44507027227340723,0.25688033809613736,365.4166666666667,1,True,25–34,False,0.602890377581015,11.856055843914822,False
KH00117845,12,77,Nam,Nhà thiết kế bối cảnh phim,"Truyền thông, nghệ thuật và thiết kế",Cà Mau,49.800000000000004,8.1,3,72.45833333333333,1.1770666666666667,0.3416666666666666,1.468642248024777,0.5394678726761055,0.18505712133410934,61.666666666666664,4,True,65+,False,0.25296511947348804,12.518172354855045,True
KH00117850,12,34,Nam,Chuyên viên tư vấn tài chính,Tài chính và pháp lý,Phú Thọ,62.0,44.4,0,79.68333333333334,0.8512583333333333,0.24025833333333332,1.8317814600075535,0.5097003177385324,0.205260408924034,182.25,3,True,25–34,False,3.6216662489679927,7.142803572667382,True
KH00117885,12,49,Nữ,Kỹ sư vật liệu,Kỹ thuật và xây dựng,Tuyên Quang,68.25833333333334,52.8,0,80.29166666666667,0.582,0.17419166666666666,1.8703881411801706,0.5353950592606749,0.20571338146355944,365.0,1,True,45–54,False,0.4373520472723468,8.112986937160004,False
KH00117925,12,48,Nữ,Kỹ sư khai thác mỏ,Kỹ thuật và xây dựng,Vĩnh Long,69.27499999999999,54.0,0,80.09166666666665,0.5774333333333334,0.12585,1.7459824442476555,0.503892809732109,0.20443839483204265,243.16666666666666,1,True,45–54,False,0.18315013777755867,8.447995195932002,False
KH00117930,12,39,Nam,Nhà khoa học nghiên cứu khoa học tự nhiên,Khoa học và nghiên cứu,Hải Phòng,67.89999999999999,53.6,0,78.10000000000001,0.5995833333333334,0.2348583333333333,0.9651827837140541,0.3569022024192802,0.19977007305909358,122.66666666666667,1,True,35–44,False,21.95748701392243,12.957478540136089,False
KH00117965,12,50,Nam,Giáo viên dạy nhạc,Giáo dục,Bắc Ninh,63.675000000000004,37.5,1,74.34166666666667,0.8049249999999999,0.28604999999999997,1.5422799404707668,0.4989176275143188,0.19436609731025278,61.75,1,True,45–54,False,3.275478836604398,13.384506248067375,True
KH00117970,12,51,Nam,Nhà địa chấn học hiện trường,Khoa học và nghiên cứu,Bắc Ninh,58.40833333333333,38.9,1,77.2,0.9372583333333333,0.26358333333333334,1.4837726605386852,0.48312262266175826,0.18610396289912523,122.25,3,True,45–54,False,2.97666207725471,7.354718506285303,True
KH00118005,12,60,Nữ,Chuyên viên thuế cấp cao,Tài chính và pháp lý,Quảng Ngãi,65.05833333333334,45.0,0,77.11666666666666,0.8435083333333333,0.20541666666666666,1.287907625965704,0.5335715182652403,0.18140739032307138,122.0,1,True,55–64,False,1.0304574414270276,3.8314647906733645,False
KH00118010,12,32,Nữ,Thanh tra thuế,Tài chính và pháp lý,Huế,67.90833333333333,49.7,0,78.44166666666666,0.6769250000000001,0.15025833333333335,2.014583683135103,0.5521451927922448,0.16858629069527883,364.9166666666667,1,True,25–34,False,3.341085929063179,5.114351737021703,True
KH00118045,12,46,Nữ,Thủ thư thư viện công cộng,Giáo dục,Hải Phòng,61.60833333333333,39.9,1,78.40833333333333,0.9375333333333332,0.3026583333333333,2.211544855600671,0.5268217391511648,0.18202854408018163,183.0,3,True,45–54,False,11.070448251856318,4.467824070489846,True
KH00118050,12,64,Nữ,Cán bộ trại giam,Khu vực công và cộng đồng,Hà Nội,64.69166666666666,50.4,0,77.14166666666667,0.8795999999999999,0.18965833333333335,1.3265143015638532,0.5426516542691376,0.19411598942154576,122.25,3,True,55–64,False,0.42313537722425676,6.812086055338569,False
KH00118085,12,25,Nữ,Giảng viên giáo dục thường xuyên,Giáo dục,Đà Nẵng,65.925,44.6,0,82.34166666666667,0.5746166666666667,0.14711666666666667,2.9139335838877822,0.4201551038227543,0.2480487593947109,305.0833333333333,1,True,25–34,False,6.515775275688199,13.129621329203747,True
KH00118090,12,68,Nam,Chuyên viên trị liệu âm nhạc,Y tế và chăm sóc sức khỏe,Cà Mau,67.96666666666667,49.9,0,72.73333333333333,0.662625,0.18688333333333332,1.503710119086147,0.48055340856140966,0.17384396615630207,61.416666666666664,2,True,65+,False,0.418522463025651,6.367049888147028,True
KH00118125,12,39,Nữ,Nhạc sĩ,"Truyền thông, nghệ thuật và thiết kế",Thành phố Hồ Chí Minh,63.74166666666667,52.6,0,82.21666666666667,0.7623000000000001,0.23860833333333334,1.3113391337241496,0.4459346403382453,0.24450286321380346,304.25,1,True,35–44,False,0.8454301689501721,10.897909829839424,False
KH00118170,12,68,Nữ,Chuyên viên nghiên cứu chương trình,Khoa học và nghiên cứu,Phú Thọ,63.525000000000006,49.0,0,77.7,0.7432083333333334,0.23195833333333335,1.6821417505867426,0.5105593420461427,0.16808482120109536,243.25,1,True,65+,False,1.5309383254575715,6.802913663760632,False
KH00118205,12,45,Nữ,Kỹ sư cấp thoát nước,Kỹ thuật và xây dựng,Hải Phòng,71.94166666666666,61.6,0,81.58333333333333,0.5170916666666666,0.11103333333333333,1.5741211828494295,0.4549020834200386,0.2314882830107252,364.5833333333333,0,True,45–54,False,2.4818236724365526,9.99209031040519,False
KH00118210,12,63,Nam,Kỹ thuật viên phòng thí nghiệm,Khoa học và nghiên cứu,Thành phố Hồ Chí Minh,68.79166666666667,54.8,0,76.925,0.5745166666666667,0.19569166666666668,1.5448463162514718,0.5485597996637955,0.1865838246106923,122.08333333333333,1,True,55–64,False,5.320746266313316,8.68021726573404,False
KH00118245,12,46,Nam,Chuyên viên giám định tổn thất công chứng,Tài chính và pháp lý,Cần Thơ,65.8,54.8,0,78.11666666666666,0.7205499999999999,0.21030000000000001,0.9403655427797059,0.3762297694804834,0.19955236728693312,122.25,1,True,45–54,False,19.795741086469288,10.011797849398011,False
KH00118285,12,59,Nữ,Cán bộ hành chính địa phương,Khu vực công và cộng đồng,An Giang,64.75833333333334,42.5,0,73.72500000000001,0.8570333333333333,0.20762499999999998,1.351349747642652,0.5337222613486198,0.20777641786785925,61.833333333333336,2,True,55–64,False,0.22192374794098943,15.900811340454718,True
KH00118290,12,77,Nữ,Kế toán viên công chứng,Tài chính và pháp lý,An Giang,67.85000000000001,43.3,0,72.20833333333333,0.660075,0.24545000000000003,1.2439358656381405,0.5226322913322168,0.17907298285321885,61.833333333333336,2,True,65+,False,0.8353951907870005,8.18660594660203,False
KH00118325,12,55,Nam,Kỹ thuật viên chẩn đoán hình ảnh,Y tế và chăm sóc sức khỏe,Cà Mau,67.45,58.3,0,79.3,0.6210083333333333,0.18758333333333332,1.4584463423625331,0.4977502389021982,0.19684748388523568,183.0,0,True,55–64,False,0.9592612136628421,7.833267712569072,False
KH00118330,12,34,Nữ,Quản lý hệ thống thông tin,Công nghệ thông tin,Hà Nội,67.675,52.3,0,78.78333333333333,0.6026916666666667,0.157275,2.028284613584131,0.5071495513047726,0.18634851772626504,183.0,1,True,25–34,False,0.9453536123543009,6.059515319923277,False
KH00118365,12,78,Nam,Giáo viên trung học,Giáo dục,Lào Cai,62.60833333333333,49.3,0,77.88333333333334,0.8823249999999999,0.26014166666666666,1.2258457948146984,0.5302393950302917,0.1743453946705271,183.33333333333334,3,True,65+,False,0.9920090626891531,7.9722788331787715,False
KH00118370,12,62,Nam,Thư ký luật sư tranh tụng,Tài chính và pháp lý,Hưng Yên,73.43333333333332,34.3,1,72.58333333333333,0.6483833333333334,0.13748333333333335,1.6816915746747727,0.4882383102459398,0.18572121397202912,61.5,1,True,55–64,False,38.374918032233715,8.18372927185629,True
KH00118405,12,44,Nam,Trợ lý chính trị gia,Khu vực công và cộng đồng,Khánh Hòa,64.175,46.9,0,73.99166666666666,0.809025,0.24907500000000002,0.9876948991939988,0.3693128532756331,0.20294400811942603,61.916666666666664,2,True,35–44,False,19.666439444670107,13.970997391037368,False
KH00118410,12,48,Nam,Chuyên viên làm vườn thương mại,Nông nghiệp và môi trường,Tuyên Quang,61.88333333333333,42.7,0,72.15833333333333,0.8687916666666666,0.28202499999999997,1.6932951249279753,0.5129884644269372,0.15279335648655915,61.25,3,True,45–54,False,6.122312090435007,10.515175237354535,True
KH00118445,12,57,Nữ,Lập trình viên ứng dụng,Công nghệ thông tin,Cần Thơ,64.3,47.5,0,78.625,0.6810999999999999,0.25028333333333336,1.6017066059207679,0.49710780486589806,0.22198924234421993,122.08333333333333,1,True,55–64,False,1.342540095537847,10.97342936544046,False
KH00118450,12,78,Nam,Người quay phim truyền hình,"Truyền thông, nghệ thuật và thiết kế",Đắk Lắk,66.39999999999999,44.6,0,74.05,0.7643416666666667,0.21654166666666666,1.1423241779629136,0.5226349935632569,0.20283626443882832,61.833333333333336,1,True,65+,False,0.28552582608926813,13.33007682696653,False
KH00118485,12,56,Nữ,Sĩ quan huấn luyện quân đội,Khu vực công và cộng đồng,Gia Lai,54.75833333333333,31.1,2,71.70833333333333,1.0189000000000001,0.2614916666666667,1.276807788852577,0.5471738027546689,0.16365289115843398,61.333333333333336,4,True,55–64,False,0.9217411364994809,8.670696563275445,True
KH00118490,12,42,Nữ,Giáo viên giáo dục đặc biệt,Giáo dục,Lạng Sơn,65.05,48.5,0,79.74166666666666,0.7535249999999999,0.19274166666666667,1.8678081166429752,0.5212065041779341,0.19472942673373397,363.5,2,True,35–44,False,0.8103739376075678,7.439032267295688,True
KH00118525,12,39,Nữ,Nhà tâm lý học pháp y,Y tế và chăm sóc sức khỏe,Phú Thọ,68.80833333333332,51.9,0,78.88333333333334,0.5838666666666666,0.15764166666666668,2.0115221078676373,0.5387699318261102,0.17775120447095671,364.6666666666667,1,True,35–44,False,2.2166440359967514,7.192161813170628,False
KH00118530,12,50,Nam,Chuyên viên kỹ xảo,"Truyền thông, nghệ thuật và thiết kế",Thái Nguyên,57.21666666666667,39.4,1,78.52499999999999,0.992775,0.21551666666666666,2.2487644182805604,0.5040515948037059,0.19023166019995041,183.25,4,True,45–54,False,12.178554150377964,8.954962894754756,True
KH00118565,12,55,Nữ,Chuyên viên ngân hàng đầu tư doanh nghiệp,Tài chính và pháp lý,Cần Thơ,70.175,53.0,0,78.00833333333334,0.5755666666666667,0.118325,2.0257858501867547,0.5215770868665175,0.16551870248344075,243.08333333333334,1,True,55–64,False,9.915076268359497,6.703090831286369,True
KH00118570,12,48,Nữ,Nhà miễn dịch học,Khoa học và nghiên cứu,Lâm Đồng,57.38333333333333,44.9,0,79.36666666666666,0.8638750000000001,0.31420833333333337,2.6703715893068654,0.47597400821689456,0.1871955606606224,364.5,2,True,45–54,False,7.635728531668676,6.590314789983512,True
KH00118605,12,84,Nữ,Luật sư tranh tụng,Tài chính và pháp lý,Thành phố Hồ Chí Minh,73.65833333333333,64.3,0,78.73333333333333,0.461325,0.11631666666666667,1.4573748236370465,0.5346580603487934,0.18172451974575474,243.08333333333334,0,True,65+,False,0.5507811570573793,6.432396972131235,False
KH00118610,12,46,Nam,Nhà thiết kế nội thất,"Truyền thông, nghệ thuật và thiết kế",Hải Phòng,66.64166666666667,47.6,0,73.98333333333333,0.7103333333333334,0.26253333333333334,0.8766838909511142,0.448216345815488,0.1990485617694143,61.5,1,True,45–54,False,16.601555089861787,10.259229998415451,False
KH00118645,12,47,Nam,Giáo viên mầm non,Giáo dục,Thanh Hóa,65.59166666666667,50.4,0,79.02499999999999,0.6887583333333334,0.2828583333333333,0.9050069276369926,0.37947665868351527,0.18412418146663992,243.58333333333334,1,True,45–54,False,19.38579560023751,8.173146880322285,False
KH00118650,12,29,Nữ,Tổng giám đốc điều hành,Kinh doanh và dịch vụ,Thanh Hóa,75.39166666666667,62.1,0,79.36666666666666,0.34496666666666664,0.0998,2.4225267043104726,0.5013400702980587,0.18808418355416143,304.1666666666667,0,True,25–34,False,6.417964070366007,5.579249220437835,True
KH00118685,12,38,Nam,Kỹ sư cơ khí,Kỹ thuật và xây dựng,Thành phố Hồ Chí Minh,74.00833333333334,58.3,0,77.74166666666666,0.551125,0.11699166666666666,0.820849298376897,0.4440629305518751,0.19780749435251702,122.25,1,True,35–44,False,15.243609994277762,7.695370160718759,False
KH00118690,12,34,Nam,Quản trị viên giáo dục,Giáo dục,Thành phố Hồ Chí Minh,67.14999999999999,47.0,0,77.35833333333333,0.7176583333333334,0.23465,0.8923490246566992,0.38205391653143256,0.189757781454027,122.41666666666667,1,True,25–34,False,18.456744484657893,11.234137543371535,False
KH00118725,12,53,Nam,Kỹ sư điện tử,Kỹ thuật và xây dựng,Bắc Ninh,68.8,48.2,0,70.89999999999999,0.6572916666666667,0.23370833333333332,1.1328079295396292,0.5687028024075166,0.15664775196198405,61.083333333333336,2,True,45–54,False,0.33570882724057655,6.92726012546873,False
KH00118730,12,81,Nam,Quản lý bất động sản,Kinh doanh và dịch vụ,Cà Mau,67.47500000000001,53.0,0,73.8,0.6926666666666668,0.176125,1.3660150074625559,0.5126122057442357,0.21423868300432705,61.083333333333336,3,True,65+,False,0.3567034936310864,10.474840212351113,True
KH00118770,12,33,Nữ,Chuyên viên trưng bày bán lẻ,Kinh doanh và dịch vụ,Vĩnh Long,64.50833333333334,53.2,0,76.51666666666667,0.7139166666666666,0.21230833333333332,1.4064186646503218,0.43662403872190997,0.2558342818956746,61.0,2,True,25–34,False,0.4364798875898101,12.831484123097454,False
KH00118805,12,35,Nam,Chuyên viên nhân sự,Kinh doanh và dịch vụ,Tuyên Quang,65.96666666666667,50.2,0,74.075,0.7440000000000001,0.2459916666666667,0.8776709746879211,0.40087290275846477,0.214631306245599,61.333333333333336,2,True,35–44,False,20.53839544053976,13.061003014701027,False
KH00118810,12,36,Nữ,Cán bộ phát triển thể thao,Khu vực công và cộng đồng,Hải Phòng,61.43333333333334,54.4,0,83.30833333333334,0.9333583333333334,0.20195833333333335,1.3186431511660104,0.4411405283983434,0.26805517465316847,244.08333333333334,4,True,35–44,True,0.7247537379225109,13.176974659790297,False
KH00118845,12,35,Nữ,Bác sĩ phẫu thuật,Y tế và chăm sóc sức khỏe,Cần Thơ,75.55833333333334,67.8,0,81.89999999999999,0.39055,0.08795000000000001,1.4053380495906718,0.4451235980450927,0.2760159604534095,122.33333333333333,0,True,35–44,False,3.3158444546169465,12.392887567699134,False
KH00118850,12,74,Nam,Thông dịch viên,"Truyền thông, nghệ thuật và thiết kế",Quảng Ninh,63.50833333333333,52.8,0,77.60000000000001,0.8441916666666667,0.19858333333333333,1.4353295482802169,0.5284110722554455,0.17360283645776534,182.16666666666666,3,True,65+,False,3.8335430940368718,5.922898735753501,False
KH00118885,12,30,Nam,Chuyên viên trắc địa,Kỹ thuật và xây dựng,Nghệ An,68.68333333333334,50.4,0,73.46666666666667,0.672675,0.13643333333333332,1.589550612241671,0.5002690227414784,0.20050400834378215,61.333333333333336,2,True,25–34,False,0.4341955492882456,8.367135332420887,True
KH00118890,12,62,Nam,Thủ thư học thuật,Giáo dục,Hà Tĩnh,64.05833333333334,50.2,0,79.51666666666667,0.7885166666666666,0.20350833333333332,1.6267515514809372,0.53557043243849,0.19854117696214132,243.58333333333334,2,True,55–64,False,3.5281305245958827,8.574315788732745,True
KH00118930,12,67,Nam,Nhà hóa sinh lâm sàng,Khoa học và nghiên cứu,Thành phố Hồ Chí Minh,66.03333333333333,49.8,0,71.76666666666667,0.8139833333333333,0.17842499999999997,1.1960469736914767,0.5075964108997635,0.15481912463534908,61.166666666666664,2,True,65+,False,0.4685872215508897,6.279206184389416,True
KH00118965,12,68,Nữ,Kỹ sư hàng không,Kỹ thuật và xây dựng,Cần Thơ,69.50833333333334,53.8,0,74.05,0.570125,0.17324166666666665,1.4305221520869893,0.48811812600656684,0.129856444176747,122.5,0,True,65+,False,0.49013179526681516,6.0944014219782865,False
KH00118970,12,56,Nam,Kỹ sư cơ khí,Kỹ thuật và xây dựng,Cần Thơ,68.21666666666667,49.1,0,71.325,0.7017416666666666,0.17843333333333333,1.3637912368730216,0.47935744533223335,0.1568542281523091,61.416666666666664,2,True,55–64,False,0.23560716522083852,6.715329782457552,True
KH00119005,12,83,Nam,Kỹ sư công trường,Kỹ thuật và xây dựng,Ninh Bình,72.22500000000001,57.9,0,73.75833333333334,0.50885,0.110525,1.5296359790861267,0.5016120706207748,0.1968962233596583,61.666666666666664,0,True,65+,False,2.023314899938906,13.986084402853457,False
KH00119010,12,70,Nữ,Kỹ thuật viên y tế,Y tế và chăm sóc sức khỏe,Gia Lai,59.36666666666667,29.5,1,72.64166666666667,0.7756666666666666,0.29335,1.3328577736810054,0.49861557123878536,0.1789342255534168,61.75,2,True,65+,False,2.435097713719379,8.046758315183968,True
KH00119045,12,55,Nữ,Bác sĩ phẫu thuật thần kinh,Y tế và chăm sóc sức khỏe,Phú Thọ,70.19166666666666,50.2,0,75.60833333333333,0.5704333333333333,0.18610000000000002,1.763227919407276,0.5450687488274252,0.1637352776610296,122.08333333333333,1,True,55–64,False,10.185383320047869,4.415696118684035,True
KH00119050,12,22,Nữ,Chuyên viên thẩm định bồi thường,Tài chính và pháp lý,Phú Thọ,64.81666666666666,54.3,0,79.85833333333333,0.6680666666666667,0.14140833333333333,2.5447203827331975,0.424419253723679,0.1971285436564533,365.25,1,True,<25,False,1.9756273331976433,9.91833212987985,False
KH00119085,12,53,Nữ,Nhà hóa học phân tích,Khoa học và nghiên cứu,Thái Nguyên,59.98333333333333,34.2,2,71.175,1.0561583333333333,0.24304166666666668,1.6859721280085556,0.4589888602530046,0.15486037512017883,61.25,4,True,45–54,False,16.43088522397705,4.374673566125374,True
KH00119090,12,23,Nữ,Quản lý năng lượng,Kinh doanh và dịch vụ,Đồng Tháp,67.76666666666667,53.9,0,83.43333333333334,0.6118416666666667,0.169925,1.6510494514348493,0.2527114412543994,0.2685781225457769,366.0,1,True,<25,False,6.188858999584024,9.771137402276727,True
KH00119125,12,43,Nữ,Kỹ sư điều khiển và tự động hóa,Kỹ thuật và xây dựng,Vĩnh Long,67.69166666666666,55.4,0,82.85833333333333,0.6382916666666666,0.17355,1.3514401114698051,0.4359085062378101,0.2571611599850249,365.5,1,True,35–44,False,0.7346295868624373,12.471278047674272,False
KH00119130,12,54,Nam,Nhà khoa học thổ nhưỡng,Nông nghiệp và môi trường,Đồng Nai,68.24166666666666,48.3,0,73.88333333333334,0.6409666666666667,0.20626666666666668,1.347936131660205,0.5328081442564618,0.2023552130550611,61.416666666666664,3,True,45–54,False,4.884672007795072,7.0789161122405355,True
KH00119165,12,53,Nam,Quản lý bán lẻ,Kinh doanh và dịch vụ,Quảng Ngãi,69.45833333333333,58.7,0,79.08333333333333,0.6380666666666667,0.13309166666666666,1.3382380929661746,0.5056384946503559,0.22953475282681457,121.75,1,True,45–54,False,1.7770863773392507,8.39623803641515,False
KH00119170,12,38,Nam,Nhân viên nghệ thuật cộng đồng,"Truyền thông, nghệ thuật và thiết kế",Đà Nẵng,60.324999999999996,49.1,0,80.98333333333333,0.9550833333333334,0.2506,1.8489153001321637,0.5021968650827271,0.23187817004969638,182.66666666666666,4,True,35–44,True,1.005362669690191,8.977691294088807,True
KH00119205,12,75,Nam,Chuyên viên tư vấn quản lý,Kinh doanh và dịch vụ,Gia Lai,62.99166666666667,50.4,0,79.45,0.7561249999999999,0.26174166666666665,1.7832871888847006,0.5231539515429116,0.20159619007812427,182.91666666666666,2,True,65+,False,6.390562196767134,7.983325877142788,True
KH00119210,12,36,Nam,Chuyên viên dự toán xây dựng,Kỹ thuật và xây dựng,Gia Lai,63.291666666666664,48.8,0,77.31666666666666,0.8049666666666666,0.20911666666666665,2.093812667516012,0.47957765217671944,0.18416505428823213,122.25,3,True,35–44,False,4.019759824486466,10.337057203681812,True
KH00119245,12,51,Nữ,Chuyên viên kinh doanh,Kinh doanh và dịch vụ,Nghệ An,63.89166666666666,44.8,0,78.75833333333334,0.6636666666666667,0.24005,2.3492096158614912,0.43597051091783373,0.18964754223021996,182.91666666666666,1,True,45–54,False,8.748865367830025,8.917598682490112,True
KH00119250,12,62,Nam,Chuyên viên quan hệ công chúng,"Truyền thông, nghệ thuật và thiết kế",Lào Cai,57.15,22.7,2,74.01666666666667,1.0538833333333333,0.23053333333333334,1.26820221578689,0.5384295058329835,0.21302390278989122,61.5,5,True,55–64,False,1.1704797993312799,11.742699745303737,True
KH00119285,12,51,Nam,Nhà khoa học biển,Khoa học và nghiên cứu,Sơn La,71.95,50.5,0,74.45833333333333,0.5457083333333334,0.15721666666666667,1.2312868336290037,0.4955479459519361,0.21662490441420643,61.583333333333336,1,True,45–54,False,2.412343835170022,10.582820516942304,False
KH00119290,12,52,Nữ,Người bán sách,Kinh doanh và dịch vụ,Cà Mau,66.08333333333333,56.0,0,79.96666666666667,0.7185916666666667,0.16864166666666666,1.6041289204013092,0.4882428637147241,0.2147741372737688,183.0,1,True,45–54,False,4.5282321513722685,8.291886504897995,True
KH00119330,12,48,Nữ,Chuyên viên làm vườn thương mại,Nông nghiệp và môi trường,Cà Mau,65.15833333333333,54.6,0,74.85000000000001,0.6887833333333333,0.261,1.150437689271074,0.4417046593386187,0.22259882362679298,61.083333333333336,2,True,45–54,False,0.2908702704759182,12.054457186271108,False
KH00119365,12,26,Nam,Nhà hóa học phân tích,Khoa học và nghiên cứu,Lạng Sơn,60.94166666666666,50.9,0,79.10833333333333,0.7615833333333333,0.21893333333333334,2.217227378010518,0.44360163746633713,0.22998565409644356,121.91666666666667,2,True,25–34,False,3.2706476548561105,8.984142251313152,True
KH00119370,12,37,Nữ,Chuyên viên công nghệ màu sắc,Kỹ thuật và xây dựng,Khánh Hòa,62.175000000000004,52.2,0,78.11666666666666,0.90085,0.18465833333333334,1.8258776171479978,0.5456023625334209,0.17540760835603866,182.5,4,True,35–44,False,0.2115460301233447,5.570385515449523,True
KH00119405,12,43,Nữ,Nhân viên cấp cứu,Y tế và chăm sóc sức khỏe,Bắc Ninh,65.99166666666666,55.3,0,81.69166666666666,0.7779916666666667,0.15606666666666666,1.2578136969161922,0.465766074128324,0.24962846842764055,182.66666666666666,1,True,35–44,False,0.11719475550756764,9.595453511806705,False
KH00119410,12,37,Nữ,Công chức diện đào tạo nhanh,Khu vực công và cộng đồng,Phú Thọ,66.93333333333334,52.0,0,76.20833333333333,0.7172833333333334,0.20323333333333335,1.1389326303773872,0.466651548928458,0.26211858475166766,61.583333333333336,2,True,35–44,False,0.11550375064467568,11.06364877516233,False
KH00119445,12,51,Nữ,Nhà văn khoa học,Khoa học và nghiên cứu,Hà Nội,67.46666666666667,54.5,0,76.98333333333333,0.6328166666666667,0.20845,1.56218689562278,0.5455759694092822,0.15274703348726137,183.08333333333334,1,True,45–54,False,3.729844368989453,6.532936220170335,False
KH00119450,12,61,Nam,Chuyên viên pháp lý nhà đất,Tài chính và pháp lý,Sơn La,61.26666666666667,48.4,0,79.75,0.8634916666666667,0.24983333333333332,1.443628146227078,0.4942889611627657,0.23071020323352895,121.83333333333333,4,True,55–64,False,1.9340756662284253,9.338189912083909,False
KH00119485,12,52,Nam,Bác sĩ đo mắt,Y tế và chăm sóc sức khỏe,Đồng Tháp,73.60833333333333,50.9,0,70.90833333333333,0.4553416666666667,0.17173333333333332,1.2940530533077081,0.5686029823501693,0.14199626509883506,61.916666666666664,1,True,45–54,False,0.3710869541860509,8.549793835989485,False
KH00119490,12,56,Nam,Giám đốc công nghệ,Công nghệ thông tin,Hưng Yên,77.16666666666667,71.7,0,80.075,0.30996666666666667,0.06560833333333334,1.8992714554051127,0.49004796108586574,0.21216550222994016,243.58333333333334,0,True,55–64,False,4.413218302922569,10.231677677318,False
KH00119525,12,56,Nam,Nhà sản xuất truyền hình,"Truyền thông, nghệ thuật và thiết kế",Đắk Lắk,60.15833333333333,1.4,1,77.25833333333334,1.1443166666666666,0.24945000000000003,2.0427612452211092,0.47147984872583065,0.18732354657453773,122.5,3,True,55–64,False,25.612655395145516,6.987799041026871,True
KH00119530,12,20,Nữ,Bác sĩ chuyên khoa bàn chân,Y tế và chăm sóc sức khỏe,Quảng Trị,69.34166666666667,51.0,0,81.60000000000001,0.542125,0.11229166666666666,2.644613201355423,0.3977823555863538,0.2539125172452716,183.58333333333334,1,True,<25,False,0.34859202618260976,16.927215028658974,True
KH00119565,12,53,Nam,Chuyên viên chăm sóc bàn chân,Y tế và chăm sóc sức khỏe,Thanh Hóa,61.175000000000004,1.1,1,73.40833333333333,1.1378333333333333,0.26215,1.573137256098562,0.5357406134757509,0.2139657663544435,61.916666666666664,3,True,45–54,False,22.702633138136395,13.189688777035938,True
KH00119570,12,26,Nữ,Chuyên viên thuế cấp cao,Tài chính và pháp lý,Gia Lai,65.23333333333333,50.6,0,79.55,0.7222583333333334,0.20877500000000002,1.519437176828286,0.5342504494966941,0.1948666835850973,244.16666666666666,2,True,25–34,False,2.603924193532274,5.486353237359761,False
KH00119605,12,35,Nữ,Phi công hàng không,Kinh doanh và dịch vụ,Bắc Ninh,71.675,55.0,0,82.01666666666667,0.49225,0.11391666666666667,1.6350068378920193,0.4301603485468141,0.24320959824908261,243.0,1,True,35–44,False,4.83352515881242,11.326321442465941,False
KH00119610,12,83,Nữ,Kỹ sư dầu khí,Kỹ thuật và xây dựng,An Giang,71.21666666666667,51.4,0,77.6,0.542275,0.15774166666666667,1.2970173653665629,0.5197189571112587,0.211920736755057,122.08333333333333,0,True,65+,False,0.9143346076643923,10.11318911918602,False
KH00119645,12,58,Nữ,Kỹ sư vật liệu,Kỹ thuật và xây dựng,Tây Ninh,72.68333333333334,51.9,0,77.90833333333333,0.4827166666666667,0.15958333333333333,1.3207244576190809,0.5325972514646276,0.20505809727535032,122.5,0,True,55–64,False,1.9612852909871752,9.204038171720866,False
KH00119650,12,59,Nữ,Kỹ sư xây dựng dân dụng,Kỹ thuật và xây dựng,Thành phố Hồ Chí Minh,73.96666666666667,55.5,0,77.75833333333334,0.4485333333333333,0.10360000000000001,1.5297129016406241,0.4889841212802726,0.16873573607706915,182.58333333333334,0,True,55–64,False,5.799623028388631,8.108024822031776,False
KH00119690,12,37,Nữ,Chuyên viên dựng phim,"Truyền thông, nghệ thuật và thiết kế",Thái Nguyên,67.31666666666666,52.7,0,78.79166666666667,0.6589583333333333,0.13636666666666666,1.9133608002801274,0.528753082083888,0.17763685505560856,243.0,1,True,35–44,False,0.2238676036281226,7.304821847250999,False
KH00119725,12,28,Nam,Chuyên viên tiếp thị,Kinh doanh và dịch vụ,Đồng Tháp,68.45833333333333,52.4,0,73.325,0.6317166666666667,0.18571666666666667,0.9059554861738305,0.40217871967079066,0.19100481161320412,61.333333333333336,0,True,25–34,False,16.480658500910998,9.544220570854261,False
KH00119730,12,60,Nữ,Thanh tra công trình di tích,Kỹ thuật và xây dựng,Ninh Bình,59.50833333333333,51.1,0,78.13333333333334,0.849025,0.28514999999999996,1.7462559718349724,0.48789056414217263,0.20604470878665135,122.5,2,True,55–64,False,5.008477451285872,10.896204722092126,True
KH00119765,12,52,Nữ,Chuyên viên tư vấn hướng nghiệp bậc đại học,Giáo dục,Hà Nội,64.56666666666666,38.0,1,75.5,0.7520083333333334,0.21829166666666666,1.3262641911427837,0.4916674806329604,0.16992497065973702,122.25,2,True,45–54,False,0.34838783665615136,7.827110586048802,False
KH00119770,12,34,Nam,Giám đốc tài chính,Tài chính và pháp lý,Ninh Bình,75.69166666666666,57.0,0,74.84166666666667,0.3957583333333334,0.14479166666666668,0.8757141666893404,0.35915135979919194,0.22084240243661388,62.0,0,True,25–34,False,19.336647647642184,12.038591041032376,False
KH00119805,12,70,Nữ,Biên tập viên đặt bài,"Truyền thông, nghệ thuật và thiết kế",Đồng Nai,63.083333333333336,45.7,0,79.20833333333333,0.7512416666666667,0.2523,2.065231643977731,0.4955303135130246,0.19481772344232487,182.91666666666666,2,True,65+,False,9.955662198111732,9.424229553069988,True
KH00119810,12,93,Nữ,Nhà giao dịch tài chính,Tài chính và pháp lý,Đắk Lắk,73.59166666666667,49.1,0,74.84166666666667,0.538425,0.12413333333333333,1.2354658645741938,0.5133158538895564,0.22855518343204717,61.25,1,True,65+,False,0.8447368057154151,13.36774642766214,False
KH00119845,12,49,Nữ,Tổng giám đốc điều hành,Kinh doanh và dịch vụ,Thành phố Hồ Chí Minh,75.36666666666666,63.8,0,78.63333333333334,0.3872,0.08006666666666666,1.7582865402043508,0.5437699176817224,0.1836332697132649,182.66666666666666,0,True,45–54,False,0.225725255180897,5.916440056088918,False
KH00119850,12,31,Nam,Chuyên viên dinh dưỡng vật nuôi,Nông nghiệp và môi trường,Đồng Nai,62.90833333333333,51.9,0,82.14999999999999,0.8024,0.177725,1.83568994649184,0.4422791016536933,0.3599805078897311,61.75,3,True,25–34,True,0.28585611477001543,16.530986235987584,True
KH00119885,12,32,Nam,Giảng viên giáo dục thường xuyên,Giáo dục,Bắc Ninh,68.49166666666666,53.2,0,77.47500000000001,0.6539666666666667,0.12979166666666667,1.69146413172231,0.5225825962322914,0.18739583487346675,122.0,2,True,25–34,False,0.3415661750336249,9.376329191047143,False
KH00119890,12,48,Nữ,Nghiên cứu viên lâm sàng,Y tế và chăm sóc sức khỏe,Đồng Tháp,63.1,52.5,0,80.06666666666666,0.7818333333333333,0.27523333333333333,1.1556895502350077,0.45208072406512373,0.31910104144771506,60.916666666666664,1,True,45–54,False,0.06329284306306253,16.78791812610112,False
KH00119925,12,27,Nữ,Nhà văn,"Truyền thông, nghệ thuật và thiết kế",Nghệ An,67.10000000000001,51.1,0,75.5,0.6974,0.20956666666666668,1.2342169707794768,0.4771700602462849,0.24869124160266745,61.75,2,True,25–34,False,0.30995951378242753,10.788027185483843,False
KH00119965,12,46,Nam,Kỹ sư ô tô,Kỹ thuật và xây dựng,Hà Nội,70.10000000000001,56.7,0,80.075,0.49005000000000004,0.15995833333333334,2.036830059379838,0.48951637660358416,0.20288589215934005,243.75,0,True,45–54,False,3.4068912117692607,5.299135529109153,False
KH00119970,12,33,Nữ,Cán bộ du lịch,Khu vực công và cộng đồng,An Giang,60.525,46.8,0,79.96666666666667,0.8276,0.2722583333333333,2.3116446481667867,0.503069294997062,0.19975478054856585,304.0833333333333,3,True,25–34,False,5.522804857196715,8.603252109371052,True
